{
  "task": "classification",
  "format": "onnx",
  "preset_name": "default",
  "use_linear": false,
  "n_features_in": 1842,
  "classes": [
    0,
    1
  ],
  "params": {
    "C": 1.0,
    "kernel": "rbf",
    "gamma": "scale",
    "class_weight": "balanced",
    "max_iter": 2500,
    "tol": 0.001,
    "random_state": 42,
    "use_linear": false
  },
  "profile": {
    "n_samples": 500,
    "n_features": 1842,
    "n_p_ratio": 0.2714440825190011,
    "sparsity": 0.4579761129207383,
    "is_sparse_counts": false,
    "binary_feature_fraction": 0.0005428881650380022,
    "feature_signal_strength": 0.07268069772860093,
    "feature_signal_p90": 0.1446775140924517,
    "task": "classification",
    "imbalance_ratio": 9.0,
    "y_skewness": 0.0,
    "y_all_positive": false
  },
  "portfolio_scores": {
    "heuristic": 0.9264197530864198,
    "default": 0.931358024691358,
    "linear": 0.8814814814814814,
    "balanced_rbf": 0.9061728395061728
  },
  "decision_cutoff_raw": 0.3556623367536516,
  "decision_cutoff_raw_source": "oof_balanced_accuracy",
  "decision_cutoff_proba": 0.10523545221428048,
  "decision_cutoff_rank": 0.8036072144288576,
  "decision_cutoff_logit": -2.1403603667977125,
  "calibrator": {
    "method": "platt",
    "coef": 5.299859623798111,
    "intercept": -4.025320825064077
  },
  "ranker": {
    "knots": [
      0.17598264444106954,
      0.17807977801491176,
      0.18062576555302487,
      0.18256450210584454,
      0.1854173454383022,
      0.18642767998720092,
      0.18744432793307086,
      0.1875119135771984,
      0.1880092237762034,
      0.1883414312301879,
      0.18984261834577795,
      0.19094686506744976,
      0.19385923701616142,
      0.19390374003458755,
      0.19588698024977383,
      0.19775017925756955,
      0.200069693074383,
      0.20009601223466147,
      0.20069853979548033,
      0.20081808025673342,
      0.20189803415275243,
      0.20250206840860893,
      0.2034241260150131,
      0.20551295256365945,
      0.20577991047211294,
      0.20578390521812145,
      0.20700416235482438,
      0.20730868679407802,
      0.2076893959087708,
      0.20769395885200714,
      0.2084237589556761,
      0.2087145542105997,
      0.2097786131812944,
      0.20980654944992078,
      0.21032173343164706,
      0.21043330180286385,
      0.21147479551258674,
      0.21160018772451192,
      0.21236151226473854,
      0.2127477053030827,
      0.21326038212117326,
      0.21545545636420066,
      0.2164509304111396,
      0.2169813967573151,
      0.21715459636883291,
      0.21803490921405663,
      0.218465106210342,
      0.2185253548248306,
      0.21920864036401244,
      0.21974758392121208,
      0.22052627643077646,
      0.22093319340705356,
      0.22104997152156602,
      0.22135814956407193,
      0.2213881016425659,
      0.2213983840308693,
      0.221682190644012,
      0.22217652283138833,
      0.22239952532177984,
      0.222759287385912,
      0.22318807196643783,
      0.2233494439605387,
      0.22509972604103046,
      0.22510692715633865,
      0.2257920735566587,
      0.22583929210300274,
      0.22586378461827486,
      0.22675887868672376,
      0.22729665669222254,
      0.22768030767757919,
      0.2278167898378181,
      0.22867997484457522,
      0.22903935786151478,
      0.22908890899390036,
      0.2297038689771985,
      0.23010428195714408,
      0.23022081328866356,
      0.23140483807450643,
      0.23191887408034825,
      0.23225398195399033,
      0.23278353922816883,
      0.2328400722535853,
      0.2330144698614418,
      0.23379753436162204,
      0.2340424149265977,
      0.23420576940090002,
      0.23457193382473415,
      0.23465147630413932,
      0.2349885570393243,
      0.23505943000785204,
      0.2350938069823948,
      0.23605992446482457,
      0.23640196704873456,
      0.2370820961653916,
      0.23734259878261793,
      0.23764656359615588,
      0.23784456082661357,
      0.2379278512864948,
      0.23879830188139328,
      0.24007827627876763,
      0.2401969315263188,
      0.24088107477554768,
      0.2411557311333004,
      0.24150593806357826,
      0.24218096209137813,
      0.2421982990564561,
      0.2423968449299941,
      0.2435120892702407,
      0.24379129747212255,
      0.24392589700431894,
      0.24422180051884665,
      0.2446158673951215,
      0.24505597843349664,
      0.2454345452913549,
      0.24562407482532353,
      0.2462046335917659,
      0.24622283035621997,
      0.2464287267195297,
      0.24647942515712298,
      0.24652447530254498,
      0.24677611911862032,
      0.24730747079769042,
      0.24731544079356724,
      0.24741442740569497,
      0.24818780749119243,
      0.24823084226129521,
      0.24915977093914135,
      0.25015216404522317,
      0.2502610424189459,
      0.2503899236007948,
      0.25068384360732826,
      0.2521554888971263,
      0.252354730660684,
      0.25264960681226445,
      0.2526852566941246,
      0.2527041470544502,
      0.25286196804902056,
      0.2537023856770836,
      0.25371750931824,
      0.25385001320137607,
      0.25391874649491414,
      0.25412638588075065,
      0.25447042171449386,
      0.25464769258103287,
      0.25540779733011365,
      0.2557506625336426,
      0.255911964469576,
      0.2560006482663254,
      0.2560254511502179,
      0.25615755872013674,
      0.25622312523432944,
      0.2562801458978463,
      0.2562811804969312,
      0.256585693623621,
      0.25712412618506086,
      0.25717830490946286,
      0.25734463046480066,
      0.2574041104087201,
      0.25836431767219065,
      0.258553136570505,
      0.25859449421162706,
      0.25925940703323375,
      0.25935516630699107,
      0.2594611180936065,
      0.25969257090348624,
      0.25980825260261636,
      0.2599255209862562,
      0.2599449088026674,
      0.25996294614042154,
      0.25996984940828016,
      0.26054161528968994,
      0.2607990929845082,
      0.2608463737356181,
      0.2616711801357019,
      0.2620070238873915,
      0.262099099619914,
      0.26277994494766505,
      0.26311909970185593,
      0.26338288281008626,
      0.26343554488467036,
      0.263526994477897,
      0.2640690860233992,
      0.26453468808980307,
      0.26501029910227275,
      0.2651974694767223,
      0.26537146735600947,
      0.26582286038619024,
      0.2659486945239942,
      0.2660093492683681,
      0.26628369444613903,
      0.26633751016787327,
      0.2667789834838674,
      0.26703473387713245,
      0.26715299752989374,
      0.2674772708294532,
      0.26772083325893103,
      0.26822320633722974,
      0.2685194792128904,
      0.2687197815482691,
      0.26898560159602797,
      0.26913412652132973,
      0.2691581016617114,
      0.2693169273501659,
      0.2695075114933664,
      0.26954967545199293,
      0.2697122479381209,
      0.26996775936660766,
      0.2704680940675927,
      0.27061996564790486,
      0.27125309362325295,
      0.27140984114441474,
      0.2719701457199502,
      0.27217282413935856,
      0.27303949965005214,
      0.27340637883226615,
      0.2736817629673824,
      0.27412174312920423,
      0.2741540662539714,
      0.27427596012501854,
      0.2743347568627243,
      0.2745296316352955,
      0.27475576500665916,
      0.2748583865936142,
      0.27507245884786824,
      0.2753351381741064,
      0.2754885781065883,
      0.27549314299475886,
      0.2755522857749929,
      0.27563129249794244,
      0.2756581345709596,
      0.27613906516895886,
      0.2762412141287494,
      0.27684679875847046,
      0.27703953150722405,
      0.27794541947406054,
      0.27844709113578564,
      0.27854523476167603,
      0.2790712107164688,
      0.2794533231676996,
      0.27975033867545185,
      0.2801656550390482,
      0.28019329465491827,
      0.2806549377665309,
      0.2806628288942496,
      0.28108843008813966,
      0.2813362763077299,
      0.2818168696915126,
      0.282010648563208,
      0.28277503819957434,
      0.2830143605177754,
