{
  "task": "classification",
  "format": "onnx",
  "preset_name": "default",
  "best_iteration": 99,
  "params": {
    "tree_method": "hist",
    "device": "cpu",
    "learning_rate": 0.3,
    "max_depth": 6,
    "min_child_weight": 1,
    "subsample": 1.0,
    "colsample_bytree": 1.0,
    "reg_alpha": 0.0,
    "reg_lambda": 1.0,
    "max_bin": 256,
    "n_estimators": 2000,
    "early_stopping_rounds": 50,
    "nthread": 16,
    "objective": "binary:logistic",
    "scale_pos_weight": 9.0,
    "eval_metric": "auc"
  },
  "profile": {
    "n_samples": 500,
    "n_features": 1842,
    "n_p_ratio": 0.2714440825190011,
    "sparsity": 0.4579761129207383,
    "is_sparse_counts": false,
    "binary_feature_fraction": 0.0005428881650380022,
    "feature_signal_strength": 0.07268069772860093,
    "feature_signal_p90": 0.1446775140924517,
    "task": "classification",
    "imbalance_ratio": 9.0,
    "y_skewness": 0.0,
    "y_all_positive": false
  },
  "portfolio_scores": {
    "flaml": NaN,
    "autogluon": NaN,
    "heuristic": 0.8847929970717582,
    "default": 0.8700815531567744
  },
  "decision_cutoff_raw": 0.020219651982188225,
  "decision_cutoff_raw_source": "oof_balanced_accuracy",
  "decision_cutoff_proba": 0.0665394246848318,
  "decision_cutoff_rank": 0.7915831663326652,
  "decision_cutoff_logit": -2.6411041045000894,
  "calibrator": {
    "method": "platt",
    "coef": 4.48589271604132,
    "intercept": -2.731807294047878
  },
  "ranker": {
    "knots": [
      5.8296325732953846e-05,
      0.00010858458699658513,
      0.0001723702735034749,
      0.00017815626051742584,
      0.00017866406415123492,
      0.00019894607248716056,
      0.00020245810446795076,
      0.00022784096654504538,
      0.00022856441501062363,
      0.0002497734676580876,
      0.000252310826908797,
      0.00025780871510505676,
      0.0002662401820998639,
      0.00026714359410107136,
      0.0002791734004858881,
      0.0002801489899866283,
      0.000285977526800707,
      0.000293592776870355,
      0.000295501493383199,
      0.000295574456686154,
      0.00030269709532149136,
      0.0003037230344489217,
      0.000304396147839725,
      0.00030671292915940285,
      0.0003125699295196682,
      0.0003194535383954644,
      0.00032997524249367416,
      0.0003335696237627417,
      0.00033646024530753493,
      0.00034270499600097537,
      0.0003478481958154589,
      0.00035330854007042944,
      0.0003609164268709719,
      0.0003667165874503553,
      0.0003692965838126838,
      0.0003842435253318399,
      0.00039207766531035304,
      0.0003941713075619191,
      0.000397607684135437,
      0.00039794022450223565,
      0.0004008649557363242,
      0.0004086961562279612,
      0.0004132008762098849,
      0.00041595983202569187,
      0.0004160639364272356,
      0.0004163220291957259,
      0.00043717247899621725,
      0.0004372631083242595,
      0.00043929318781010807,
      0.0004434282600414008,
      0.0004465353558771312,
      0.0004563246329780668,
      0.0004564327246043831,
      0.0004566428833641112,
      0.0004612665215972811,
      0.0004661661514546722,
      0.0004689946072176099,
      0.00048314439482055604,
      0.0004836588632315397,
      0.00048501481069251895,
      0.0004852994461543858,
      0.0004929761053062975,
      0.0005071792402304709,
      0.0005147678893990815,
      0.0005149011267349124,
      0.0005218173027969897,
      0.0005272102425806224,
      0.0005272497073747218,
      0.0005275892908684909,
      0.0005279942415654659,
      0.0005308737163431942,
      0.0005308793042786419,
      0.0005401999806053936,
      0.0005503815482370555,
      0.0005543131846934557,
      0.000565370253752917,
      0.0005711531266570091,
      0.0005772867589257658,
      0.0005874237394891679,
      0.0005875337519682944,
      0.0005908954190090299,
      0.0006267426069825888,
      0.0006417096010409296,
      0.0006492373649962246,
      0.000652744376566261,
      0.0006555451545864344,
      0.0006643529632128775,
      0.000675333896651864,
      0.0006772329215891659,
      0.0006772697088308632,
      0.0006820616545155644,
      0.0006936956779100001,
      0.0006942951586097479,
      0.0006997385062277317,
      0.0007044818485155702,
      0.0007073625456541777,
      0.0007124527473933995,
      0.0007227423484437168,
      0.0007281985599547625,
      0.0007683489820919931,
      0.0007736359257251024,
      0.0007783722830936313,
      0.0007877515163272619,
      0.0007942371885292232,
      0.0008008876466192305,
      0.0008048175950534642,
      0.0008132151560857892,
      0.0008448182488791645,
      0.000849664444103837,
      0.0008501415140926838,
      0.0008702600025571883,
      0.0008771719294600189,
      0.0008835176122374833,
      0.0008838871726766229,
      0.0008854841580614448,
      0.0008880748064257205,
      0.00092118646716699,
      0.0009295151103287935,
      0.0009369838517159224,
      0.0009476863779127598,
      0.0009548012749291956,
      0.0009563622297719121,
      0.0009614616283215582,
      0.000977476593106985,
      0.0009900842560455203,
      0.0010002346243709326,
      0.0010084420209750533,
      0.0010096682235598564,
      0.0010569803416728973,
      0.001085039577446878,
      0.0010857421439141035,
      0.001100776600651443,
      0.0011009292211383581,
      0.0011057573137804866,
      0.0011129428166896105,
      0.0011217971332371235,
      0.0011332310969009995,
      0.0011339988559484482,
      0.0011360807111486793,
      0.0011384353274479508,
      0.0011575000826269388,
      0.0011684924829751253,
      0.0011858727084472775,
      0.0012031679507344961,
      0.001205080421641469,
      0.0012119699968025088,
      0.001229282934218645,
      0.0012317413929849863,
      0.0012369456235319376,
      0.0012445516185835004,
      0.0012660282664000988,
      0.001282552140764892,
      0.0012985286302864552,
      0.0013193486956879497,
      0.0013323024613782763,
      0.0013471165439113975,
      0.0013477606698870659,
      0.0013518009800463915,
      0.0013520604697987437,
      0.001359651330858469,
      0.001364587340503931,
      0.001366181648336351,
      0.001366203068755567,
      0.0013685855083167553,
      0.001381942885927856,
      0.001387002062983811,
      0.00140479882247746,
      0.0014200195437297225,
      0.0014455835334956646,
      0.0014650640077888966,
      0.0014693596167489886,
      0.0014799033524468541,
      0.0015200068010017276,
      0.0015221715439110994,
      0.0015564080094918609,
      0.0015580634353682399,
      0.0016072907019406557,
      0.0016139930812641978,
      0.001619099173694849,
      0.00164228945504874,
      0.001665925607085228,
      0.0016748257912695408,
      0.0016792573733255267,
      0.0017545518931001425,
      0.0018020073184743524,
      0.001818192540667951,
      0.001825675368309021,
      0.0018265853868797421,
      0.0018369638128206134,
      0.0018535966519266367,
      0.0018663745140656829,
      0.0018708398565649986,
      0.0018872962100431323,
      0.0019007291411980987,
      0.0019142047967761755,
      0.0019162483513355255,
      0.0019178905058652163,
      0.001925373449921608,
      0.0019275747472420335,
      0.001965372124686837,
      0.00198210752569139,
      0.0020327467937022448,
      0.0020412555895745754,
      0.002044524997472763,
      0.002153142588213086,
      0.00217860983684659,
      0.0021863761357963085,
      0.0021907142363488674,
      0.002205661730840802,
      0.0022095460444688797,
      0.002240234985947609,
      0.0022425383795052767,
      0.002275302307680249,
      0.0022843468468636274,
      0.0023328897077590227,
      0.0023601267021149397,
      0.0024012168869376183,
      0.0024575828574597836,
      0.0025477309245616198,
      0.0025515821762382984,
      0.0025691604241728783,
      0.0026014400646090508,
      0.0026046070270240307,
      0.002644208027049899,
      0.0026932607870548964,
