{
  "n_components": 45,
  "n_features_in": 2048,
  "n_cal_knots": 200,
  "cal_min": 2.4601330757141113,
  "cal_max": 35.72066116333008,
  "scaler": "standard"
}