{
  "n_components": 45,
  "n_features_in": 2048,
  "n_cal_knots": 200,
  "cal_min": 2.3489925861358643,
  "cal_max": 36.08650207519531,
  "scaler": "standard"
}