{
  "n_components": 27,
  "n_features_in": 768,
  "n_cal_knots": 200,
  "cal_min": 2.9756388664245605,
  "cal_max": 9.525121688842773,
  "scaler": "standard"
}