{
  "n_components": 27,
  "n_features_in": 768,
  "n_cal_knots": 200,
  "cal_min": 2.978663682937622,
  "cal_max": 9.51937484741211,
  "scaler": "standard"
}