{
    "portfolio": [
        "lr",
        "xgb",
        "rf",
        "svc"
    ],
    "max_batch_size": 100000,
    "max_imbalance_ratio": 100,
    "num_batches": 1,
    "population_prior": 0.1,
    "batch_priors": [
        0.1
    ],
    "decision_cutoff_raw": 0.2534574220218814,
    "decision_cutoff_proba": 0.08517797798899042,
    "decision_cutoff_rank": 0.8268947755702722,
    "decision_cutoff_logit": -2.373986608774931,
    "decision_cutoff_lift": 0.8517797798899042
}