{
    "portfolio": [
        "lr",
        "xgb",
        "rf",
        "svc"
    ],
    "max_batch_size": 100000,
    "max_imbalance_ratio": 100,
    "num_batches": 1,
    "population_prior": 0.1,
    "batch_priors": [
        0.1
    ],
    "decision_cutoff_raw": 0.40839210248969504,
    "decision_cutoff_proba": 0.12370006725482616,
    "decision_cutoff_rank": 0.7897350993377483,
    "decision_cutoff_logit": -1.9578485982218592,
    "decision_cutoff_lift": 1.2370006725482614
}