{
    "portfolio": [
        "lr",
        "xgb",
        "rf",
        "svc"
    ],
    "max_batch_size": 100000,
    "max_imbalance_ratio": 100,
    "num_batches": 1,
    "population_prior": 0.31140350877192985,
    "batch_priors": [
        0.31140350877192985
    ],
    "decision_cutoff_raw": 0.3430829155596275,
    "decision_cutoff_proba": 0.2866519076416201,
    "decision_cutoff_rank": 0.6024229074889869,
    "decision_cutoff_logit": -0.9117008950728213,
    "decision_cutoff_lift": 0.9205159851026672
}