{
  "n_components": 14,
  "n_features_in": 217,
  "n_cal_knots": 200,
  "cal_min": 1.1416634321212769,
  "cal_max": 25.130264282226562,
  "scaler": "standard"
}