{
  "n_components": 14,
  "n_features_in": 217,
  "n_cal_knots": 200,
  "cal_min": 1.2660058736801147,
  "cal_max": 17.884899139404297,
  "scaler": "standard"
}