{
  "mode": "slow",
  "descriptor_types": [
    "chemeleon",
    "rdkit",
    "clamp"
  ],
  "n_compounds": 500,
  "n_actives": 50,
  "ratio_actives": 0.1,
  "population_prior": 0.1,
  "portfolio": [
    "lr",
    "xgb",
    "rf",
    "svc"
  ],
  "num_batches": {
    "chemeleon": 1,
    "rdkit": 1,
    "clamp": 1
  },
  "decision_cutoff_raw": 0.23304732494576288,
  "decision_cutoff_proba": 0.10660573480185191,
  "decision_cutoff_rank": 0.8226452905811623,
  "oof_aucs": {
    "chemeleon": 0.8989777777777778,
    "rdkit": 0.8714666666666666,
    "clamp": 0.8669777777777777
  },
  "proxy_aucs": {
    "chemeleon": 0.8676888888888888,
    "rdkit": 0.8560444444444444,
    "clamp": 0.8389777777777778
  },
  "train_aucs": {
    "chemeleon": 1.0,
    "rdkit": 1.0,
    "clamp": 1.0
  },
  "quality_aucs": {
    "chemeleon": 0.7979555555555555,
    "rdkit": 0.7429333333333332,
    "clamp": 0.7339555555555555
  },
  "active_descriptors": {
    "chemeleon": true,
    "rdkit": true,
    "clamp": true
  },
  "ad_hard_cutoffs": {
    "chemeleon": 0.05000000074505806,
    "rdkit": 0.05000000074505806,
    "clamp": 0.05000000074505806
  },
  "rank_error_curves": {
    "chemeleon": [
      [
        0.00948800169334076,
        0.0691993044065273,
        0.1011082857941262,
        0.14060322841061249,
        0.17461883389350133,
        0.20310255442264144,
        0.2383139851908468,
        0.2624348985333265,
        0.29471180968118554,
        0.32283362383870196,
        0.34529015850484174,
        0.37552734858967546,
        0.4105761746555982,
        0.43594565328204893,
        0.4724974478224891,
        0.5422833685122876,
        0.6365665374531857,
        0.8534706347816338,
        0.9917559318528837,
        0.9998128986064422
      ],
      [
        0.05068895633433116,
        0.051780387060323854,
        0.052644651616342415,
        0.0542052060908804,
        0.05492823142745808,
        0.055910591744725825,
        0.05586551596517971,
        0.056979772877455696,
        0.05741554538791482,
        0.057615520369369,
        0.05843480109663776,
        0.05921349170178931,
        0.05992933560345283,
        0.0613989799149412,
        0.06231471843050022,
        0.06742964989098954,
        0.07935139336051357,
        0.23544318879941006,
        0.3357158599927328,
        0.30078846404558307
      ]
    ],
    "rdkit": [
      [
        0.05879635801516707,
        0.13800733374970836,
        0.1797132304906883,
        0.20763507727766484,
        0.23640891850727097,
        0.2698925110699476,
        0.28896108400396936,
        0.312879053500247,
        0.3461061202773596,
        0.3689970637614831,
        0.4100537360011283,
        0.44125633865063363,
        0.4707672198151224,
        0.5188959615040574,
        0.5512786764473714,
        0.6210058118931073,
        0.6685393960423255,
        0.8235036543372145,
        0.9716931446111357,
        0.9979842822812948
      ],
      [
        0.04745456844400667,
        0.04989972627307375,
        0.051793475844279936,
        0.054642395503570994,
        0.056260987729660726,
        0.05999125119790689,
        0.058921585728494826,
        0.05956791447076617,
        0.0615141154475479,
        0.06667088826633089,
        0.06898234497997241,
        0.06804493243114342,
        0.0710735764210912,
        0.07684390775952293,
        0.08290578450948184,
        0.0889497538021527,
        0.09528424460775271,
        0.22890492127702583,
        0.4086549080217817,
        0.3456076660385492
      ]
    ],
    "clamp": [
      [
        0.006386992470009683,
        0.06186702503744298,
        0.10422197681844574,
        0.14436326328501514,
        0.17977180042371008,
        0.2198568034854941,
        0.24826558292821066,
        0.28204776043638746,
        0.31074684801405184,
        0.33438118950969503,
        0.3660547331144602,
        0.40000898615953373,
        0.4391324800771127,
        0.4779271522407754,
        0.5254318095892737,
        0.5978413860762568,
        0.6935189525349699,
        0.8619043103863104,
        0.9838067982626338,
        0.9986554387175807
      ],
      [
        0.049569136367220226,
        0.05052845573241352,
        0.05233891880441376,
        0.05315975343525801,
        0.0537009416499099,
        0.05493320336460512,
        0.05542829357142308,
        0.056006623340564145,
        0.056728290532459605,
        0.058180412192442355,
        0.05853924772096614,
        0.05991660054258339,
        0.0635451533421119,
        0.06663994992023574,
        0.07340848923660975,
        0.08435417769353659,
        0.10244015090276087,
        0.26486029794887644,
        0.39547117921253033,
        0.3471510913238666
      ]
    ]
  },
  "decision_cutoff_logit": -2.125890682146692,
  "decision_cutoff_lift": 1.0660573480185191
}