{
    "portfolio": [
        "xgb",
        "rf"
    ],
    "max_batch_size": 100000,
    "max_imbalance_ratio": 100,
    "num_batches": 1,
    "population_prior": 0.45995836224843856,
    "batch_priors": [
        0.45995836224843856
    ],
    "decision_cutoff_raw": 0.4441283756494522,
    "decision_cutoff_proba": 0.46829980532121995,
    "decision_cutoff_rank": 0.5221404775124932,
    "decision_cutoff_logit": -0.12697108617866087,
    "decision_cutoff_lift": 1.0181352134397677
}