{
  "n_components": 45,
  "n_features_in": 2048,
  "n_cal_knots": 200,
  "cal_min": 2.5799238681793213,
  "cal_max": 72.28880310058594,
  "scaler": "standard"
}