{
  "task": "classification",
  "format": "onnx",
  "preset_name": "linear",
  "use_linear": true,
  "n_features_in": 160,
  "classes": [
    0,
    1
  ],
  "params": {
    "C": 1.0,
    "class_weight": "balanced",
    "max_iter": 2500,
    "tol": 0.001,
    "random_state": 42,
    "use_linear": true
  },
  "profile": {
    "n_samples": 500,
    "n_features": 160,
    "n_p_ratio": 3.125,
    "sparsity": 0.4542,
    "is_sparse_counts": false,
    "binary_feature_fraction": 0.13125,
    "feature_signal_strength": 0.0893682754894224,
    "feature_signal_p90": 0.21693850457299865,
    "task": "classification",
    "imbalance_ratio": 9.0,
    "y_skewness": 0.0,
    "y_all_positive": false
  },
  "portfolio_scores": {
    "heuristic": 0.6118518518518519,
    "default": 0.6083950617283951,
    "linear": 0.8138271604938272,
    "balanced_rbf": 0.6123456790123456
  },
  "decision_cutoff_raw": 0.4920968477061039,
  "decision_cutoff_raw_source": "oof_balanced_accuracy",
  "decision_cutoff_proba": 0.13245918794398748,
  "decision_cutoff_rank": 0.7414829659318637,
  "decision_cutoff_logit": -1.879387973849435,
  "calibrator": {
    "method": "platt",
    "coef": 3.5442816125117402,
    "intercept": -3.623517782749169
  },
  "ranker": {
    "knots": [
      0.00045566937236792514,
      0.007444010565848517,
      0.025095394639563465,
      0.025221193292511254,
      0.025614263796074378,
      0.026393027958497118,
      0.028537401304174245,
      0.02884522922823435,
      0.030156337625749267,
      0.03111740509612433,
      0.035907909902130365,
      0.0366787181733101,
      0.03981082430422719,
      0.04456905014405027,
      0.04526959201635429,
      0.04637154015258581,
      0.046712574780956355,
      0.04888209759601696,
      0.04903682091508491,
      0.05079436656151349,
      0.0517163948226512,
      0.05270286911655004,
      0.05389214053770182,
      0.05391068452463596,
      0.05476496066728329,
      0.056780080018118746,
      0.05681553846284537,
      0.05878761571855097,
      0.06120508152659217,
      0.06147707536933785,
      0.061577674995575926,
      0.062342089330570734,
      0.06387431471773888,
      0.06491300876389221,
      0.06685378746189723,
      0.06815086631092404,
      0.06843655778830818,
      0.07173419620458364,
      0.07215105233270631,
      0.07331481701675516,
      0.07777579303084368,
      0.07783266442166645,
      0.07883892840249238,
      0.08343848101798686,
      0.085600247368979,
      0.08603737350164581,
      0.08628569394587259,
      0.08926020973524139,
      0.09155905810900196,
      0.09194273476808269,
      0.09413080916052659,
      0.09516164214594916,
      0.09634665911495323,
      0.09672227603347877,
      0.10233827670822494,
      0.1030929874001304,
      0.10378304077366944,
      0.10555595677928363,
      0.1086845076065191,
      0.10898869788619338,
      0.10971579590398604,
      0.10982856226249807,
      0.11163495786553539,
      0.11311117091151382,
      0.11322719654172862,
      0.11330298543070369,
      0.1167084839458161,
      0.11711262815808075,
      0.11925330033762921,
      0.12074863860207169,
      0.12170121919047294,
      0.12298891097023651,
      0.12302197654262245,
      0.12462357922142617,
      0.12469829164173697,
      0.1248963665332042,
      0.12499381384905194,
      0.12655217797764898,
      0.12701984914292275,
      0.12724044449370162,
      0.12818145645735626,
      0.12889987196251335,
      0.129718288852713,
      0.1309695597663009,
      0.13102875494310853,
      0.1313119209410467,
      0.13294552628573086,
      0.13355050879768826,
      0.13693041767417327,
      0.1375403156821863,
      0.1398953297690372,
      0.14211485339208466,
      0.14324092250116927,
      0.14698019427859565,
      0.14899600540555408,
      0.15016311718758152,
      0.15121913432132492,
      0.15165261717095943,
      0.1518472226309184,
      0.1525582118491481,
      0.1526126434651162,
      0.15425957844493313,
      0.15451622521281408,
      0.15563001791479625,
      0.15801102344802365,
      0.15806329301312372,
      0.15990453191703036,
      0.16031514485457282,
      0.16039181070392522,
      0.1606332530252919,
      0.1626477691493562,
      0.16575264256539754,
      0.16614222646643192,
      0.16628170691967026,
      0.16927860770240627,
      0.16991502317274546,
      0.171755070546088,
      0.17187003388043354,
      0.17188963310070962,
      0.17289874656693266,
      0.17697317308700283,
      0.17952632846096703,
      0.1827762175880503,
      0.18344618387058506,
      0.1865335498270809,
      0.18665394741153912,
      0.1881948227991363,
      0.1885578471791374,
      0.19198885323585976,
      0.19686624957238766,
      0.197309681125017,
      0.19797721694241607,
      0.19844792374650067,
      0.1997706597392667,
      0.20099480709040518,
      0.20131946318821864,
      0.20154439925955736,
      0.20168044126749507,
      0.20174059356498944,
      0.20713026193802636,
      0.20739073677779252,
      0.21046830452309032,
      0.21142911347732815,
      0.21166414445176646,
      0.21223359580060872,
      0.21293683336240907,
      0.2129428147027433,
      0.21299843177213698,
      0.21303001017028214,
      0.2141115794411436,
      0.2142343418421265,
      0.21449181517484314,
      0.21453387460049442,
      0.2156109913458954,
      0.21593041067409458,
      0.2160670678579969,
      0.21648074411625742,
      0.21825991612400472,
      0.2201850952387204,
      0.2201907018017734,
      0.2206117666857592,
      0.22212405290864085,
      0.2242234171198788,
      0.22723944906538346,
      0.22748398898643368,
      0.22893705512927884,
      0.22927217906290448,
      0.22979351567059617,
      0.2323310867344247,
      0.23369223350586904,
      0.23446362111745842,
      0.23529559545501466,
      0.2367732515126488,
      0.23692683192422434,
      0.2415784690264834,
      0.24209393256806389,
      0.24295134282872788,
      0.24426693642326802,
      0.24442290058519142,
      0.2456283092040307,
      0.2463157519858581,
      0.24910996745912828,
      0.2505166082876807,
      0.25125245824699094,
      0.25175280222157853,
      0.25242061525383047,
      0.25269750043161004,
      0.25322197589136614,
      0.25323334171498096,
      0.2561905822270175,
      0.2576596081127681,
      0.25873513729549263,
      0.2588791994625397,
      0.26085551846456806,
      0.2619674686851218,
      0.26327044219085827,
      0.26349536968186715,
      0.2648952602761182,
      0.26499905842556837,
      0.26512235525471833,
      0.26780747489114803,
      0.2682966315663222,
      0.2696692048892647,
      0.27049243434293635,
      0.2713292991534212,
      0.2717812100184378,
      0.2724809979783791,
      0.2736041629610956,
      0.2746124273087779,
      0.2762061452181277,
      0.2768433067419077,
      0.278198109441565,
      0.2788838254061584,
      0.28056718962793564,
      0.2809441798744593,
      0.2813809683105906,
      0.2817394553179888,
      0.28244895876382314,
      0.28332122294819384,
      0.2845814469899991,
      0.28499016012664485,
      0.2878501334248384,
      0.2880892625398531,
      0.28851429463516354,
      0.2891064154217048,
      0.2898974926113247,
      0.29131649018815503,
      0.29223952643867623,
      0.29353407728955316,
      0.2940847424706306,
      0.29523168199148053,
      0.2955856487632046,
      0.2958839378186253,
      0.2967721755672393,
      0.29708290546180327,
      0.29713935481767156,
      0.2979550232837789,
      0.298153185127585,
      0.30086655333923623,
      0.3042123095420039,
      0.30529618479164744,
      0.30560642005105315,
      0.3060777018497634,
      0.3076516375483542,
      0.3093352819817889,
      0.30947413357810033,
      0.31208180767122295,
      0.31324485368154104,
      0.3136949392890214,
      0.31375420641020535,
      0.3154704186264609,
      0.3164816618377662,
