{
  "task": "classification",
  "format": "onnx",
  "preset_name": "default",
  "best_iteration": 121,
  "params": {
    "tree_method": "hist",
    "device": "cpu",
    "learning_rate": 0.3,
    "max_depth": 6,
    "min_child_weight": 1,
    "subsample": 1.0,
    "colsample_bytree": 1.0,
    "reg_alpha": 0.0,
    "reg_lambda": 1.0,
    "max_bin": 256,
    "n_estimators": 2000,
    "early_stopping_rounds": 50,
    "nthread": 16,
    "objective": "binary:logistic",
    "scale_pos_weight": 9.0,
    "eval_metric": "auc"
  },
  "profile": {
    "n_samples": 500,
    "n_features": 160,
    "n_p_ratio": 3.125,
    "sparsity": 0.4542,
    "is_sparse_counts": false,
    "binary_feature_fraction": 0.13125,
    "feature_signal_strength": 0.0893682754894224,
    "feature_signal_p90": 0.21693850457299865,
    "task": "classification",
    "imbalance_ratio": 9.0,
    "y_skewness": 0.0,
    "y_all_positive": false
  },
  "portfolio_scores": {
    "flaml": NaN,
    "heuristic": 0.9003793342842016,
    "default": 0.9202459290954866,
    "autogluon": 0.9158248646633602
  },
  "decision_cutoff_raw": 0.1440092772245407,
  "decision_cutoff_raw_source": "oof_balanced_accuracy",
  "decision_cutoff_proba": 0.09375163256081473,
  "decision_cutoff_rank": 0.879759519038076,
  "decision_cutoff_logit": -2.2686643260399233,
  "calibrator": {
    "method": "platt",
    "coef": 4.312082015824844,
    "intercept": -2.8896441404717996
  },
  "ranker": {
    "knots": [
      3.706222923938185e-05,
      4.666135646402836e-05,
      5.48475727555342e-05,
      6.35087417322211e-05,
      7.845637446735054e-05,
      8.359427010873333e-05,
      8.382976375287399e-05,
      9.002265869639814e-05,
      9.48943488765508e-05,
      9.659800707595423e-05,
      9.950754611054435e-05,
      0.00010432289855089039,
      0.00011924408318009228,
      0.00012186799722258002,
      0.00013467083044815809,
      0.00013814707926940173,
      0.00014501053374260664,
      0.0001477141777286306,
      0.00014825179823674262,
      0.00015349344175774604,
      0.00015491721569560468,
      0.00016876841254997998,
      0.00017133989604189992,
      0.00018326099961996078,
      0.0001905520912259817,
      0.0001974742190213874,
      0.00020174781093373895,
      0.00020681353635154665,
      0.0002104216837324202,
      0.00021744093101006,
      0.00021974877745378762,
      0.00022041943157091737,
      0.00023475970374420285,
      0.00023750026593916118,
      0.00024018168915063143,
      0.00024074727843981236,
      0.0002417561481706798,
      0.00024213470169343054,
      0.0002437473158352077,
      0.00024693840532563627,
      0.0002503829018678516,
      0.0002509100886527449,
      0.00025540374917909503,
      0.0002560545108281076,
      0.0002590377116575837,
      0.00026025291299447417,
      0.0002620246377773583,
      0.0002647724759299308,
      0.0002729955886024982,
      0.0002789679856505245,
      0.00028979204944334924,
      0.00029190085479058325,
      0.0002922684361692518,
      0.00029371734126470983,
      0.00030599324963986874,
      0.00030619403696618974,
      0.00030790831078775227,
      0.0003088458615820855,
      0.0003108329838141799,
      0.0003128146636299789,
      0.00031622793176211417,
      0.00031873740954324603,
      0.0003235570911783725,
      0.000335936521878466,
      0.00034094660077244043,
      0.0003458799619693309,
      0.0003546369553077966,
      0.000357423530658707,
      0.00035934330662712455,
      0.00037742970744147897,
      0.00038023109664209187,
      0.00038161338306963444,
      0.0003895611735060811,
      0.000396566727431491,
      0.0004037862818222493,
      0.00041451933793723583,
      0.0004226295277476311,
      0.0004289344360586256,
      0.0004356440622359514,
      0.00045280077029019594,
      0.0004564281553030014,
      0.00045673782005906105,
      0.00046010519145056605,
      0.0004678530967794359,
      0.0004719533899333328,
      0.0004758050781674683,
      0.00047586517757736146,
      0.0004764420446008444,
      0.0004769164661411196,
      0.00047863065265119076,
      0.00048250716645270586,
      0.0004890217678621411,
      0.000500530528370291,
      0.0005199500010348856,
      0.0005245791398920119,
      0.0005255547584965825,
      0.0005313924048095942,
      0.0005319199408404529,
      0.0005509184557013214,
      0.0005511340568773448,
      0.000579220475628972,
      0.0005886146682314575,
      0.0005941216950304806,
      0.0006053526303730905,
      0.0006067152135074139,
      0.0006158039905130863,
      0.0006176216993480921,
      0.0006337599479593337,
      0.0006353535572998226,
      0.0006355340010486543,
      0.000651019043289125,
      0.0006545281503349543,
      0.0006670716102235019,
      0.0006675192853435874,
      0.0006679290672764182,
      0.000689240638166666,
      0.0006898610154166818,
      0.0007009074906818569,
      0.0007101548253558576,
      0.0007120227674022317,
      0.0007160159875638783,
      0.0007208153256215155,
      0.0007209572358988225,
      0.0007276224787347019,
      0.0007332907989621162,
      0.0007366921054199338,
      0.0007417832966893911,
      0.0007489502895623446,
      0.0007650600746273994,
      0.0007770490483380854,
      0.0007804440683685243,
      0.0007853755378164351,
      0.0007997226784937084,
      0.0008078649407252669,
      0.0008122745202854276,
      0.0008153637172654271,
      0.0008174361428245902,
      0.0008209331426769495,
      0.0008233558619394898,
      0.0008336674654856324,
      0.0008382697124034166,
      0.0008386687841266394,
      0.0008433379116468132,
      0.0008508437313139439,
      0.0008541388087905943,
      0.0008589312201365829,
      0.0008596956031396985,
      0.000873398850671947,
      0.000904022017493844,
      0.0009378474787808955,
      0.0009388152975589037,
      0.0009570226538926363,
      0.0009706061100587249,
      0.0010249136248603463,
      0.0010339405853301287,
      0.001035406836308539,
      0.0010477409232407808,
      0.001060668146237731,
      0.0010803414043039083,
      0.0010928227566182613,
      0.0010964726097881794,
      0.0011094618821516633,
      0.001114963786676526,
      0.0011272894917055964,
      0.0011397461639717221,
      0.0011478170054033399,
      0.0011548299808055162,
      0.0011665696511045098,
      0.0011748227989301085,
      0.0011989139020442963,
      0.001201500417664647,
      0.0012038465356454253,
      0.001248538144864142,
      0.0012502166209742427,
      0.0012503695907071233,
      0.0012544362107291818,
      0.0012790588662028313,
      0.0012798418756574392,
      0.0012922444147989154,
      0.0013146639103069901,
      0.001317376270890236,
      0.0013182911789044738,
      0.0013221161207184196,
      0.0013284847373142838,
      0.0013377635041251779,
      0.0013561660889536142,
      0.001362621784210205,
      0.0013745930045843124,
      0.001378811546601355,
      0.0013825228670611978,
      0.0014253496192395687,
      0.001429569791071117,
      0.0014351754216477275,
      0.0014393026940524578,
      0.0014576639514416456,
      0.001475446973927319,
      0.0014779698103666306,
      0.0015002297004684806,
      0.0015117545844987035,
      0.0015225035604089499,
      0.0015556418802589178,
      0.0015675581526011229,
      0.0015873619122430682,
      0.0016053856816142797,
      0.0016062151407822967,
      0.0016327385092154145,
      0.0016335929976776242,
      0.0016487246612086892,
      0.00167298992164433,
      0.0016782551538199186,
      0.0017174032982438803,
      0.0017290380783379078,
      0.001729769865050912,
      0.0017347389366477728,
      0.0017920270329341292,
      0.0018145802896469831,
      0.0018443098524585366,
      0.0018458631820976734,
      0.0018582430202513933,
      0.0018713633762672544,
      0.0018925690092146397,
      0.0019230896141380072,
      0.001953568309545517,
      0.001974116312339902,
      0.001975805964320898,
