{
    "portfolio": [
        "lr",
        "xgb",
        "rf",
        "svc"
    ],
    "max_batch_size": 100000,
    "max_imbalance_ratio": 100,
    "num_batches": 1,
    "population_prior": 0.1,
    "batch_priors": [
        0.1
    ],
    "decision_cutoff_raw": 0.20909217965608434,
    "decision_cutoff_proba": 0.09833824959356283,
    "decision_cutoff_rank": 0.8211422845691382,
    "decision_cutoff_logit": -2.215826387894606,
    "decision_cutoff_lift": 0.9833824959356282
}