{
  "mode": "slow",
  "descriptor_types": [
    "chemeleon",
    "clamp"
  ],
  "n_compounds": 7205,
  "n_actives": 3314,
  "ratio_actives": 0.45995836224843856,
  "population_prior": 0.45995836224843856,
  "portfolio": [
    "xgb",
    "rf"
  ],
  "num_batches": {
    "chemeleon": 1,
    "clamp": 1
  },
  "decision_cutoff_raw": 0.4241085868134997,
  "decision_cutoff_proba": 0.4745669034625346,
  "decision_cutoff_rank": 0.5222445863409217,
  "oof_aucs": {
    "chemeleon": 0.9165214915748038,
    "clamp": 0.9064958796486081
  },
  "proxy_aucs": {
    "chemeleon": 0.7751792315243369,
    "clamp": 0.789221315550005
  },
  "train_aucs": {
    "chemeleon": 1.0,
    "clamp": 0.9999990306150383
  },
  "quality_aucs": {
    "chemeleon": 0.8330429831496076,
    "clamp": 0.812992728682178
  },
  "active_descriptors": {
    "chemeleon": true,
    "clamp": true
  },
  "ad_hard_cutoffs": {
    "chemeleon": 0.05000000074505806,
    "clamp": 0.05100006237626076
  },
  "rank_error_curves": {
    "chemeleon": [
      [
        0.0016566673842297042,
        0.03327463203781644,
        0.056628909846424894,
        0.0797011711616961,
        0.10276627825109419,
        0.12647916288300773,
        0.15457830519079624,
        0.18387127095953987,
        0.22249852390864866,
        0.27025690034545385,
        0.35295110762717474,
        0.7705733726618971,
        0.8054519519134247,
        0.834689408610499,
        0.8632008854098647,
        0.8888178530922863,
        0.914832357197817,
        0.9399337934819146,
        0.9665314118174095,
        0.9997236929105849
      ],
      [
        0.007844428764279873,
        0.014219925925055218,
        0.01783234289885837,
        0.02390115976670883,
        0.031525246578464027,
        0.040527208042935095,
        0.050397494216571484,
        0.05923953463575802,
        0.06951025765175656,
        0.10143924680495264,
        0.1932680469531338,
        0.12757060898240669,
        0.0970947735071556,
        0.08465920125180114,
        0.07575347675603505,
        0.06268847410461599,
        0.043338763025236905,
        0.022804307868519454,
        0.012778515971022161,
        0.009795399729201794
      ]
    ],
    "clamp": [
      [
        0.002084936816732841,
        0.037275203683773434,
        0.06212355038726658,
        0.0835373316219576,
        0.1044992877679573,
        0.12922325093522075,
        0.15436139425925477,
        0.1835159307961737,
        0.21916911666168934,
        0.2567271661108123,
        0.33863636018292353,
        0.7839130791196522,
        0.8200184136744848,
        0.8472595375570062,
        0.8719228023794445,
        0.8969471510167837,
        0.9205312683870636,
        0.9461300131546235,
        0.970505574374616,
        0.9991872585686137
      ],
      [
        0.018384093760248965,
        0.0268852491011879,
        0.03667212587631357,
        0.039686448752654147,
        0.04143865366870744,
        0.044495039245792775,
        0.04976739480349094,
        0.05980179505806803,
        0.07564162143564716,
        0.09937710450696231,
        0.19452861257875492,
        0.15935745260611336,
        0.11763827579833547,
        0.09424851007270257,
        0.07460842871396499,
        0.05580119359715482,
        0.03941405251047726,
        0.031107945123769864,
        0.021291374758935618,
        0.00992975899697173
      ]
    ]
  },
  "decision_cutoff_logit": -0.1018202623722308,
  "decision_cutoff_lift": 1.0317605731585884
}