{
    "portfolio": [
        "lr",
        "xgb",
        "rf",
        "svc"
    ],
    "max_batch_size": 100000,
    "max_imbalance_ratio": 100,
    "num_batches": 1,
    "population_prior": 0.1,
    "batch_priors": [
        0.1
    ],
    "decision_cutoff_raw": 0.28990973159247646,
    "decision_cutoff_proba": 0.09187204826774689,
    "decision_cutoff_rank": 0.8428991905813099,
    "decision_cutoff_logit": -2.2909884553593476,
    "decision_cutoff_lift": 0.9187204826774689
}