{
  "n_components": 27,
  "n_features_in": 768,
  "n_cal_knots": 200,
  "cal_min": 2.6666576862335205,
  "cal_max": 9.243820190429688,
  "scaler": "standard"
}