{
    "portfolio": [
        "xgb",
        "rf",
        "svc"
    ],
    "max_batch_size": 100000,
    "max_imbalance_ratio": 100,
    "num_batches": 1,
    "population_prior": 0.1,
    "batch_priors": [
        0.1
    ],
    "decision_cutoff_raw": 0.30330228819335975,
    "decision_cutoff_proba": 0.055864206680263984,
    "decision_cutoff_rank": 0.7744270205066345,
    "decision_cutoff_logit": -2.8273461394150132,
    "decision_cutoff_lift": 0.5586420668026398
}