{
    "portfolio": [
        "xgb",
        "rf",
        "svc"
    ],
    "max_batch_size": 100000,
    "max_imbalance_ratio": 100,
    "num_batches": 1,
    "population_prior": 0.1,
    "batch_priors": [
        0.1
    ],
    "decision_cutoff_raw": 0.291396083475258,
    "decision_cutoff_proba": 0.053506107616253185,
    "decision_cutoff_rank": 0.7366304784881382,
    "decision_cutoff_logit": -2.8729687093476386,
    "decision_cutoff_lift": 0.5350610761625318
}