{
  "mode": "slow",
  "descriptor_types": [
    "chemeleon",
    "clamp",
    "rdkit"
  ],
  "n_compounds": 228,
  "n_actives": 71,
  "ratio_actives": 0.31140350877192985,
  "population_prior": 0.31140350877192985,
  "portfolio": [
    "lr",
    "xgb",
    "rf",
    "svc"
  ],
  "num_batches": {
    "chemeleon": 1,
    "clamp": 1,
    "rdkit": 1
  },
  "decision_cutoff_raw": 0.34444292368042295,
  "decision_cutoff_proba": 0.2720613627199249,
  "decision_cutoff_rank": 0.6068281938325991,
  "oof_aucs": {
    "chemeleon": 0.908585269579259,
    "clamp": 0.9084058491073832,
    "rdkit": 0.8921682964026195
  },
  "proxy_aucs": {
    "chemeleon": 0.8886695972010407,
    "clamp": 0.9112765766573967,
    "rdkit": 0.8924374271104334
  },
  "train_aucs": {
    "chemeleon": 1.0,
    "clamp": 1.0,
    "rdkit": 1.0
  },
  "quality_aucs": {
    "chemeleon": 0.817170539158518,
    "clamp": 0.8168116982147664,
    "rdkit": 0.784336592805239
  },
  "active_descriptors": {
    "chemeleon": true,
    "clamp": true,
    "rdkit": true
  },
  "ad_hard_cutoffs": {
    "chemeleon": 0.051750000566244125,
    "clamp": 0.051750000566244125,
    "rdkit": 0.051750000566244125
  },
  "rank_error_curves": {
    "chemeleon": [
      [
        0.039965126320046535,
        0.07866022344774014,
        0.11094774714084192,
        0.1401290596256123,
        0.15168689458816906,
        0.20097132689656144,
        0.280495559307977,
        0.3432679849185517,
        0.3973355922352306,
        0.4216333489855478,
        0.4529127851508477,
        0.47951270583945005,
        0.5258010399063486,
        0.6217510213889345,
        0.7580256733418929,
        0.81431363961541,
        0.8670078149100042,
        0.9115554073462757,
        0.9410992794249112,
        0.9719083848506955
      ],
      [
        0.13660957823890255,
        0.13756487206939327,
        0.14136625352763285,
        0.1505643267295715,
        0.14730462236310812,
        0.15562559550830238,
        0.16496770456070983,
        0.18058749121558132,
        0.19241038199668836,
        0.1996887868842955,
        0.23490328954481027,
        0.22784010456733214,
        0.2351248386575733,
        0.366053299754766,
        0.4545117606113597,
        0.38075971974676276,
        0.37906428023516187,
        0.3424983420445869,
        0.3036969142568086,
        0.28192865879556633
      ]
    ],
    "clamp": [
      [
        0.01374290671954015,
        0.06987267108425074,
        0.09319378618311369,
        0.12185348907349759,
        0.14103389145657833,
        0.17713823030703182,
        0.19887965634885985,
        0.2341871025143163,
        0.29426458732044364,
        0.36442566841963475,
        0.40895420954939077,
        0.4495385551664752,
        0.5252815984865729,
        0.6623716566579324,
        0.8736671278110396,
        0.9238233615450224,
        0.9511976210032348,
        0.9640929191066828,
        0.9802796555019523,
        0.9970888604332475
      ],
      [
        0.10404842580152268,
        0.10575455834879305,
        0.10688757453540071,
        0.10851778512798567,
        0.10945093933185063,
        0.11151442037320701,
        0.1124357966384741,
        0.11659022273963628,
        0.12300168175675935,
        0.1402504244956736,
        0.16645858485453224,
        0.20116388003422447,
        0.2561778033607221,
        0.39712247993398686,
        0.33550375418766354,
        0.2857295331298964,
        0.2591505336487984,
        0.2527448395660808,
        0.2394938505674281,
        0.2251147889528884
      ]
    ],
    "rdkit": [
      [
        0.09699772491638288,
        0.14931897662550309,
        0.1656389895822163,
        0.17911125524037044,
        0.20148369633953955,
        0.22478670676546644,
        0.25876814605963655,
        0.2945307202994195,
        0.3336021581024218,
        0.3585104187120602,
        0.3814018288213503,
        0.42155054606617276,
        0.4688246169490722,
        0.5372085737650453,
        0.620789199721078,
        0.7001680335481307,
        0.728715777706674,
        0.7470433480444976,
        0.8370483322487533,
        0.9377845460756176
      ],
      [
        0.21390024899072216,
        0.21142634930114965,
        0.21106897705348882,
        0.21100869784018636,
        0.21318512370611237,
        0.2123332864107572,
        0.21650523257699678,
        0.21657228562349742,
        0.2201257077325834,
        0.23556334425945302,
        0.22096067409061984,
        0.2200510818253996,
        0.2280693023921304,
        0.3344931817508096,
        0.42613153527015674,
        0.44873712017040446,
        0.4448575750167048,
        0.43729811513965094,
        0.42580977998239966,
        0.42373870604339653
      ]
    ]
  },
  "decision_cutoff_logit": -0.9841891161061243,
  "decision_cutoff_lift": 0.8736618408470828
}