{
  "mode": "slow",
  "descriptor_types": [
    "chemeleon",
    "clamp",
    "rdkit"
  ],
  "n_compounds": 228,
  "n_actives": 71,
  "ratio_actives": 0.31140350877192985,
  "population_prior": 0.31140350877192985,
  "portfolio": [
    "lr",
    "xgb",
    "rf",
    "svc"
  ],
  "num_batches": {
    "chemeleon": 1,
    "clamp": 1,
    "rdkit": 1
  },
  "decision_cutoff_raw": 0.3241321310331702,
  "decision_cutoff_proba": 0.2743419619264306,
  "decision_cutoff_rank": 0.5844346549192365,
  "oof_aucs": {
    "chemeleon": 0.908585269579259,
    "clamp": 0.9084058491073832,
    "rdkit": 0.8876827846057236
  },
  "proxy_aucs": {
    "chemeleon": 0.8886695972010407,
    "clamp": 0.9112765766573967,
    "rdkit": 0.8925271373463712
  },
  "train_aucs": {
    "chemeleon": 1.0,
    "clamp": 1.0,
    "rdkit": 1.0
  },
  "quality_aucs": {
    "chemeleon": 0.817170539158518,
    "clamp": 0.8168116982147664,
    "rdkit": 0.7753655692114472
  },
  "active_descriptors": {
    "chemeleon": true,
    "clamp": true,
    "rdkit": true
  },
  "ad_hard_cutoffs": {
    "chemeleon": 0.051750000566244125,
    "clamp": 0.051750000566244125,
    "rdkit": 0.051750000566244125
  },
  "rank_error_curves": {
    "chemeleon": [
      [
        0.039965126320046535,
        0.07866022344774014,
        0.11094774714084192,
        0.1401290596256123,
        0.15168689458816906,
        0.20097132689656144,
        0.280495559307977,
        0.3432679849185517,
        0.3973355922352306,
        0.4216333489855478,
        0.4529127851508477,
        0.47951270583945005,
        0.5258010399063486,
        0.6217510213889345,
        0.7580256733418929,
        0.81431363961541,
        0.8670078149100042,
        0.9115554073462757,
        0.9410992794249112,
        0.9719083848506955
      ],
      [
        0.13660957823890255,
        0.13756487206939327,
        0.14136625352763285,
        0.1505643267295715,
        0.14730462236310812,
        0.15562559550830238,
        0.16496770456070983,
        0.18058749121558132,
        0.19241038199668836,
        0.1996887868842955,
        0.23490328954481027,
        0.22784010456733214,
        0.2351248386575733,
        0.366053299754766,
        0.4545117606113597,
        0.38075971974676276,
        0.37906428023516187,
        0.3424983420445869,
        0.3036969142568086,
        0.28192865879556633
      ]
    ],
    "clamp": [
      [
        0.01374290671954015,
        0.06987267108425074,
        0.09319378618311369,
        0.12185348907349759,
        0.14103389145657833,
        0.17713823030703182,
        0.19887965634885985,
        0.2341871025143163,
        0.29426458732044364,
        0.36442566841963475,
        0.40895420954939077,
        0.4495385551664752,
        0.5252815984865729,
        0.6623716566579324,
        0.8736671278110396,
        0.9238233615450224,
        0.9511976210032348,
        0.9640929191066828,
        0.9802796555019523,
        0.9970888604332475
      ],
      [
        0.10404842580152268,
        0.10575455834879305,
        0.10688757453540071,
        0.10851778512798567,
        0.10945093933185063,
        0.11151442037320701,
        0.1124357966384741,
        0.11659022273963628,
        0.12300168175675935,
        0.1402504244956736,
        0.16645858485453224,
        0.20116388003422447,
        0.2561778033607221,
        0.39712247993398686,
        0.33550375418766354,
        0.2857295331298964,
        0.2591505336487984,
        0.2527448395660808,
        0.2394938505674281,
        0.2251147889528884
      ]
    ],
    "rdkit": [
      [
        0.09160574235757721,
        0.13883168860194295,
        0.16607823389229506,
        0.18078917832425434,
        0.20225652541481376,
        0.2389543028403659,
        0.2756230623195174,
        0.31422516238166065,
        0.3469773266932748,
        0.40650453258424435,
        0.4458361180448492,
        0.47975531995668885,
        0.5765469040709721,
        0.6500413095200576,
        0.7362339543967654,
        0.8367664250739015,
        0.8617714593752603,
        0.9002258804352792,
        0.9481234476114627,
        0.988590080352185
      ],
      [
        0.1719460299921202,
        0.17366987845554538,
        0.1765739191545588,
        0.17982700204711796,
        0.18114341274756646,
        0.18325972249373434,
        0.1845078241604819,
        0.1937765096897638,
        0.18967607950140455,
        0.2039617953598584,
        0.21750840223603196,
        0.23784966102863,
        0.23552193440728802,
        0.35116701654202737,
        0.41727429608247363,
        0.4278965140578586,
        0.3983660234694311,
        0.3774865918556227,
        0.36296700026274054,
        0.34163276043511254
      ]
    ]
  },
  "decision_cutoff_logit": -0.9727035174558065,
  "decision_cutoff_lift": 0.8809854552003686
}