{
  "n_components": 27,
  "n_features_in": 768,
  "n_cal_knots": 200,
  "cal_min": 2.6950228214263916,
  "cal_max": 16.532339096069336,
  "scaler": "standard"
}