{
  "task": "classification",
  "format": "onnx",
  "preset_name": "default",
  "use_linear": false,
  "n_features_in": 1678,
  "classes": [
    0,
    1
  ],
  "params": {
    "C": 1.0,
    "kernel": "rbf",
    "gamma": "scale",
    "class_weight": "balanced",
    "max_iter": 1140,
    "tol": 0.001,
    "random_state": 42,
    "use_linear": false
  },
  "profile": {
    "n_samples": 228,
    "n_features": 1678,
    "n_p_ratio": 0.13587604290822408,
    "sparsity": 0.2641223888087322,
    "is_sparse_counts": false,
    "binary_feature_fraction": 0.0,
    "feature_signal_strength": 0.12311878915144402,
    "feature_signal_p90": 0.2352882672805717,
    "task": "classification",
    "imbalance_ratio": 2.211267605633803,
    "y_skewness": 0.0,
    "y_all_positive": false
  },
  "portfolio_scores": {
    "heuristic": 0.5980392156862745,
    "default": 0.6058823529411764,
    "linear": 0.603921568627451,
    "balanced_rbf": 0.6294117647058823
  },
  "decision_cutoff_raw": 0.29576532067930594,
  "decision_cutoff_raw_source": "oof_balanced_accuracy",
  "decision_cutoff_proba": 0.28404450130182546,
  "decision_cutoff_rank": 0.6255506607929516,
  "decision_cutoff_logit": -0.9244870917623009,
  "calibrator": {
    "method": "platt",
    "coef": 1.7495299965937015,
    "intercept": -1.441937392242902
  },
  "ranker": {
    "knots": [
      0.24543006691850805,
      0.2603657613284188,
      0.2655193770095775,
      0.2659226482560711,
      0.26727680525883446,
      0.2673699012715059,
      0.26784609587420344,
      0.26813263733198767,
      0.2683444007801986,
      0.2684806589820046,
      0.2684923743205839,
      0.26872463495683735,
      0.26874257231623744,
      0.2688203076060628,
      0.2688368247914279,
      0.2688454312733532,
      0.26884831225244643,
      0.26887721394395825,
      0.26888196411639714,
      0.2688873105266442,
      0.2689767016857101,
      0.2690094104544196,
      0.2690315336804681,
      0.26904697155407914,
      0.26906007711315144,
      0.2690654918956508,
      0.26909470550194037,
      0.2690962613173226,
      0.2691135182399405,
      0.26913141491819104,
      0.26914459148321174,
      0.269200738717417,
      0.26922895529855834,
      0.2692673973649457,
      0.2692689623780378,
      0.2692744534096374,
      0.2692771091481896,
      0.2693089782962069,
      0.2693111189168059,
      0.2693154458044632,
      0.2693529528997123,
      0.2693558514953996,
      0.26936148038258767,
      0.26937174691233584,
      0.26948894847277105,
      0.26964332834485305,
      0.26970499480689436,
      0.26972513096587497,
      0.26974826238335875,
      0.2697548150936745,
      0.2698104738167333,
      0.26985685280012434,
      0.26996233775613504,
      0.2699908983908402,
      0.2701213940008948,
      0.27020526773662323,
      0.27034171528301904,
      0.27041773306492684,
      0.2705721724003756,
      0.27069070466734496,
      0.271046002291662,
      0.27105314712203993,
      0.27112597524796933,
      0.2711340569631755,
      0.2711369963795306,
      0.2711462994711066,
      0.2711728025757285,
      0.2711875303313836,
      0.271201994060377,
      0.2712234563755775,
      0.27135508630147165,
      0.27151025614607144,
      0.2715195786953156,
      0.27152068596073103,
      0.27154938386607,
      0.2718411480944217,
      0.27196340872528724,
      0.27224555299486103,
      0.2722738416593701,
      0.2723215646734292,
      0.27233257040970693,
      0.272362362308239,
      0.2723739731721514,
      0.27256930230938325,
      0.2726897373046164,
      0.272735126684351,
      0.27277002010400353,
      0.27292210662744115,
      0.27307465937063563,
      0.2732273861043103,
      0.2733142681008477,
      0.27335992821122507,
      0.2734144764438155,
      0.27343017889156945,
      0.2735928699586498,
      0.2736186853802561,
      0.2736731794001695,
      0.2737497085295865,
      0.2738009288284908,
      0.2738425347735952,
      0.273976096715455,
      0.27403405668566105,
      0.27409826861011943,
      0.2744283741053295,
      0.2744918540912554,
      0.27450607004989996,
      0.2745790982320414,
      0.2746105974678488,
      0.2747491820921837,
      0.27559854681992546,
      0.27656510228366593,
      0.2775466276408713,
      0.2778998861280874,
      0.278118765553555,
      0.27811925175678476,
      0.27909340100314856,
      0.27909763685950656,
      0.27942903504300237,
      0.27966158757505005,
      0.2802271544199735,
      0.28048411792165795,
      0.28056018684884454,
      0.2817478671546535,
      0.28350810824535266,
      0.28362910267986297,
      0.2853675332597078,
      0.28665181461298495,
      0.2875722423442204,
      0.2879264216524486,
      0.28849790845001544,
      0.289484062399064,
      0.28978454797419634,
      0.2900527763656975,
      0.29087344114084895,
      0.2912648883098113,
      0.2917493372644988,
      0.2920436414939245,
      0.2927650448891354,
      0.29300882915418985,
      0.2937429771954821,
      0.29557211940077005,
      0.2957061538499518,
      0.29576532067930594,
      0.29833711668206125,
      0.30023991907222813,
      0.3010718256477538,
      0.30107257462920706,
      0.3024741907565993,
      0.30345992921134285,
      0.30371347684246075,
      0.30372017038696675,
      0.3055734802323345,
      0.3070195539075835,
      0.3079653860380987,
      0.3083193656249905,
      0.30918581666803835,
      0.31133130852795327,
      0.31139999561062687,
      0.3135030174284179,
      0.3151857305998688,
      0.31558960767448596,
      0.3218298933423641,
      0.3267629580111006,
      0.32713401335028514,
      0.3286175245201633,
      0.33050544956820177,
      0.33551203851012035,
      0.33890293762687895,
      0.3396265129417266,
      0.3589789084833619,
      0.3612879853315736,
      0.3613627161058801,
      0.36511237795805024,
      0.37134587588690277,
      0.3731817195045269,
      0.41363894971424303,
      0.4194614489488453,
      0.42555646649204515,
      0.427529672076857,
      0.4315201149854375,
      0.4477139145173753,
      0.4488751729090716,
      0.45636479618560316,
      0.4627426832524673,
      0.46453544974083266,
      0.4836500352191755,
      0.4984970343164558,
      0.5023531501727239,
      0.5090459998641145,
      0.509776311046694,
      0.555892166169471,
      0.557424267474334,
      0.5758206865516268,
      0.5790463225996986,
      0.5881541210040081,
      0.5987743523212641,
      0.6256593815510435,
      0.6311154921851483,
      0.6571996675751337,
      0.6677089652863288,
      0.6734518238301016,
      0.6736777735680265,
      0.6757981229217225,
      0.6759773154292855,
      0.6830467898520616,
      0.6846142047565812,
      0.6919441632488249,
      0.7005814844847258,
      0.7009390996121239,
      0.707741622922843,
      0.710630339653048,
      0.7161515088456669,
      0.7169578166051921,
      0.7215103637972751,
      0.7231386021982547,
      0.7272222200418854,
      0.7363618696859702,
      0.7384506993116216,
      0.7393708685093022,
      0.7511349366537894,
      0.7565770981878474,
      0.756829198088637,
      0.7668656853691082,
      0.7700712852442088,
      0.7716603158669176,
      0.772113314157012,
      0.7860936676855074,
      0.8510737085145433
    ]
  }
}