{
  "task": "classification",
  "format": "onnx",
  "preset_name": "default",
  "best_iteration": 99,
  "params": {
    "tree_method": "hist",
    "device": "cpu",
    "learning_rate": 0.3,
    "max_depth": 6,
    "min_child_weight": 1,
    "subsample": 1.0,
    "colsample_bytree": 1.0,
    "reg_alpha": 0.0,
    "reg_lambda": 1.0,
    "max_bin": 256,
    "n_estimators": 2000,
    "early_stopping_rounds": 50,
    "nthread": 16,
    "objective": "binary:logistic",
    "scale_pos_weight": 2.2113,
    "eval_metric": "auc"
  },
  "profile": {
    "n_samples": 228,
    "n_features": 1678,
    "n_p_ratio": 0.13587604290822408,
    "sparsity": 0.2641223888087322,
    "is_sparse_counts": false,
    "binary_feature_fraction": 0.0,
    "feature_signal_strength": 0.12311878915144402,
    "feature_signal_p90": 0.2352882672805717,
    "task": "classification",
    "imbalance_ratio": 2.211267605633803,
    "y_skewness": 0.0,
    "y_all_positive": false
  },
  "portfolio_scores": {
    "flaml": NaN,
    "autogluon": NaN,
    "heuristic": 0.8810457516339869,
    "default": 0.9026143790849673
  },
  "decision_cutoff_raw": 0.042150165885686874,
  "decision_cutoff_raw_source": "oof_balanced_accuracy",
  "decision_cutoff_proba": 0.14062778388015265,
  "decision_cutoff_rank": 0.5154185022026432,
  "decision_cutoff_logit": -1.810085572181689,
  "calibrator": {
    "method": "platt",
    "coef": 3.195141292870074,
    "intercept": -1.9447613077043706
  },
  "ranker": {
    "knots": [
      0.00018533403635956347,
      0.0002595850673969835,
      0.0002723578654695302,
      0.00029998793615959585,
      0.00030011063790880144,
      0.0003130181285087019,
      0.0003621618670877069,
      0.00041475138277746737,
      0.00043358621769584715,
      0.0005645076162181795,
      0.0005881419056095183,
      0.0006097435834817588,
      0.0006943012122064829,
      0.0007208973984234035,
      0.0007833212148398161,
      0.0007982965908013284,
      0.0008025855058804154,
      0.000856325204949826,
      0.0008576313266530633,
      0.0008605606853961945,
      0.0009027807973325253,
      0.0009269348811358213,
      0.0010067472467198968,
      0.001008814899250865,
      0.0010101280640810728,
      0.0011423134710639715,
      0.0011899637756869197,
      0.0012265070108696818,
      0.001234230468980968,
      0.0012515480630099773,
      0.0012651038123294711,
      0.0013104353565722704,
      0.0013118227943778038,
      0.0013358364813029766,
      0.0013908048858866096,
      0.0014345870586112142,
      0.0015287284040823579,
      0.0015863162698224187,
      0.0016012967098504305,
      0.0016660309629514813,
      0.0016962109366431832,
      0.0017027013236656785,
      0.0017199927242472768,
      0.0017876796191558242,
      0.001840687938965857,
      0.0019238125532865524,
      0.0019383884500712156,
      0.001959710381925106,
      0.002093063434585929,
      0.002139889635145664,
      0.0021497500129044056,
      0.002264398615807295,
      0.0022687281016260386,
      0.0023085284046828747,
      0.0023185242898762226,
      0.0024983149487525225,
      0.0025533863808959723,
      0.002590253483504057,
      0.0026321709156036377,
      0.002656636293977499,
      0.0026732299011200666,
      0.0027116681449115276,
      0.0027242014184594154,
      0.0027662499342113733,
      0.0028384914621710777,
      0.003050317754969001,
      0.003142251865938306,
      0.0032408826518803835,
      0.003310463158413768,
      0.0033359744120389223,
      0.0035861660726368427,
      0.0037535750307142735,
      0.003811188507825136,
      0.0038563122507184744,
      0.0039649526588618755,
      0.004207874648272991,
      0.004215647932142019,
      0.004590461030602455,
      0.0051734610460698605,
      0.005430777091532946,
      0.005562020465731621,
      0.005842696409672499,
      0.006000486668199301,
      0.006641681771725416,
      0.006885775830596685,
      0.007523235399276018,
      0.00867003295570612,
      0.008747401647269726,
      0.008857869543135166,
      0.01098982896655798,
      0.011267666704952717,
      0.011854187585413456,
      0.012299413792788982,
      0.012569091282784939,
      0.013245007954537868,
      0.013682661578059196,
      0.0152515210211277,
      0.0168620515614748,
      0.01749407686293125,
      0.01799597404897213,
      0.01807427406311035,
      0.01832059770822525,
      0.019515570253133774,
      0.02018844522535801,
      0.020395059138536453,
      0.02378183975815773,
      0.024204883724451065,
      0.024968784302473068,
      0.02521221525967121,
      0.0258485097438097,
      0.026801275089383125,
      0.028472494333982468,
      0.03312273696064949,
      0.034429825842380524,
      0.03594221547245979,
      0.03632500022649765,
      0.03653568774461746,
      0.042150165885686874,
      0.042279087007045746,
      0.048626404255628586,
      0.05026901513338089,
      0.05117984116077423,
      0.051669199019670486,
      0.05442723631858826,
      0.055451516062021255,
      0.05815710499882698,
      0.058335769921541214,
      0.06735603511333466,
      0.06850293278694153,
      0.06960479170084,
      0.08042443543672562,
      0.08441689610481262,
      0.08760596066713333,
      0.10276627540588379,
      0.11127446591854095,
      0.1236451044678688,
      0.12739640474319458,
      0.13026513159275055,
      0.16263696551322937,
      0.17918774485588074,
      0.18844255805015564,
      0.2022123485803604,
      0.2072911411523819,
      0.2116830199956894,
      0.22743268311023712,
      0.23685342073440552,
      0.2378183901309967,
      0.26774877309799194,
      0.27873820066452026,
      0.28336095809936523,
      0.2850986421108246,
      0.2894119918346405,
      0.3019537627696991,
      0.3480401933193207,
      0.3580048680305481,
      0.4082101583480835,
      0.41218695044517517,
      0.4225533604621887,
      0.4305230379104614,
      0.4472023844718933,
      0.44844478368759155,
      0.49661722779273987,
      0.49800917506217957,
      0.5037526488304138,
      0.5214900970458984,
      0.5743953585624695,
      0.5813614130020142,
      0.6564558148384094,
      0.6735515594482422,
      0.6958348155021667,
      0.7122721076011658,
      0.7235179543495178,
      0.7236088514328003,
      0.7269540429115295,
      0.7425546646118164,
      0.7524510622024536,
      0.7706258296966553,
      0.7917484641075134,
      0.7971514463424683,
      0.819807231426239,
      0.8261524438858032,
      0.8415893316268921,
      0.8466800451278687,
      0.8567256927490234,
      0.8676162958145142,
      0.870861828327179,
      0.8731546401977539,
      0.8866451382637024,
      0.8968361616134644,
      0.9033252596855164,
      0.9066179990768433,
      0.9350250363349915,
      0.9462839961051941,
      0.9483387470245361,
      0.95305335521698,
      0.957798182964325,
      0.9594951272010803,
      0.9766541123390198,
      0.9788268804550171,
      0.9790513515472412,
      0.9841194748878479,
      0.9868893623352051,
      0.9871713519096375,
      0.9872025847434998,
      0.9872576594352722,
      0.98800128698349,
      0.9884243011474609,
      0.989544689655304,
      0.9908560514450073,
      0.991023063659668,
      0.9918428659439087,
      0.9931551814079285,
      0.9932500123977661,
      0.994017481803894,
      0.9943314790725708,
      0.9945868253707886,
      0.9947547912597656,
      0.995353102684021,
      0.9959152340888977,
      0.9964663982391357,
      0.9965761303901672,
      0.9968035221099854,
      0.9968360662460327,
      0.997780978679657,
      0.9978109002113342,
      0.9981523156166077,
      0.9986029267311096,
      0.9991047978401184
    ]
  }
}