{
    "portfolio": [
        "lr",
        "xgb",
        "rf",
        "svc"
    ],
    "max_batch_size": 100000,
    "max_imbalance_ratio": 100,
    "num_batches": 1,
    "population_prior": 0.1,
    "batch_priors": [
        0.1
    ],
    "decision_cutoff_raw": 0.5099876271227117,
    "decision_cutoff_proba": 0.34657289808348946,
    "decision_cutoff_rank": 0.8829915560916767,
    "decision_cutoff_logit": -0.634137796017896,
    "decision_cutoff_lift": 3.4657289808348946
}