{
    "portfolio": [
        "lr",
        "xgb",
        "rf",
        "svc"
    ],
    "max_batch_size": 100000,
    "max_imbalance_ratio": 100,
    "num_batches": 1,
    "population_prior": 0.1,
    "batch_priors": [
        0.1
    ],
    "decision_cutoff_raw": 0.5249395933967075,
    "decision_cutoff_proba": 0.3514607262956724,
    "decision_cutoff_rank": 0.8838962605548852,
    "decision_cutoff_logit": -0.6126245894873714,
    "decision_cutoff_lift": 3.5146072629567238
}