{
  "n_components": 27,
  "n_features_in": 768,
  "n_cal_knots": 200,
  "cal_min": 2.7083730697631836,
  "cal_max": 16.280141830444336,
  "scaler": "standard"
}