{
  "n_components": 27,
  "n_features_in": 768,
  "n_cal_knots": 200,
  "cal_min": 2.696180820465088,
  "cal_max": 16.27161407470703,
  "scaler": "standard"
}