{
    "portfolio": [
        "lr",
        "xgb",
        "rf",
        "svc"
    ],
    "max_batch_size": 100000,
    "max_imbalance_ratio": 100,
    "num_batches": 1,
    "population_prior": 0.31140350877192985,
    "batch_priors": [
        0.31140350877192985
    ],
    "decision_cutoff_raw": 0.277251960156053,
    "decision_cutoff_proba": 0.24691135187308624,
    "decision_cutoff_rank": 0.5616740088105727,
    "decision_cutoff_logit": -1.1151535745578651,
    "decision_cutoff_lift": 0.792898425733291
}