{
    "portfolio": [
        "lr",
        "xgb",
        "rf",
        "svc"
    ],
    "max_batch_size": 100000,
    "max_imbalance_ratio": 100,
    "num_batches": 1,
    "population_prior": 0.1,
    "batch_priors": [
        0.1
    ],
    "decision_cutoff_raw": 0.22801442020432283,
    "decision_cutoff_proba": 0.10949378099799176,
    "decision_cutoff_rank": 0.8271543086172345,
    "decision_cutoff_logit": -2.095922333319802,
    "decision_cutoff_lift": 1.0949378099799174
}