{
  "task": "classification",
  "format": "onnx",
  "preset_name": "default",
  "use_linear": false,
  "n_features_in": 768,
  "classes": [
    0,
    1
  ],
  "params": {
    "C": 1.0,
    "kernel": "rbf",
    "gamma": "scale",
    "class_weight": "balanced",
    "max_iter": 2500,
    "tol": 0.001,
    "random_state": 42,
    "use_linear": false
  },
  "profile": {
    "n_samples": 500,
    "n_features": 768,
    "n_p_ratio": 0.6510416666666666,
    "sparsity": 0.0,
    "is_sparse_counts": false,
    "binary_feature_fraction": 0.0,
    "feature_signal_strength": 0.08019493745883381,
    "feature_signal_p90": 0.17286403574936074,
    "task": "classification",
    "imbalance_ratio": 9.0,
    "y_skewness": 0.0,
    "y_all_positive": false
  },
  "portfolio_scores": {
    "heuristic": 0.8622222222222223,
    "default": 0.8612345679012345,
    "linear": 0.7762962962962963,
    "balanced_rbf": 0.8370370370370371
  },
  "decision_cutoff_raw": 0.3901260589363415,
  "decision_cutoff_raw_source": "oof_balanced_accuracy",
  "decision_cutoff_proba": 0.12308727247572693,
  "decision_cutoff_rank": 0.8557114228456913,
  "decision_cutoff_logit": -1.9635138388090554,
  "calibrator": {
    "method": "platt",
    "coef": 5.315586773371492,
    "intercept": -4.0372627576386195
  },
  "ranker": {
    "knots": [
      0.1605555468666172,
      0.16743268731594174,
      0.17238565665802785,
      0.17523931378524205,
      0.18365550261034086,
      0.18642639642724218,
      0.18764424782133035,
      0.1881533848044662,
      0.19105082330259046,
      0.19109347895427223,
      0.19239615357473128,
      0.19259971409217883,
      0.1929938843135042,
      0.19574871629606538,
      0.19659659049590314,
      0.19835963258398082,
      0.19873385811364744,
      0.1993903002015476,
      0.20048299431116193,
      0.20282714488021342,
      0.20285200666383651,
      0.20313311411239948,
      0.2040945031977655,
      0.2047204091072146,
      0.2057849772362008,
      0.2064198206922362,
      0.20675606082092207,
      0.2070425821135241,
      0.20927769270670094,
      0.21130528515816785,
      0.21133330212963666,
      0.21150833409140624,
      0.2116619735767577,
      0.21179549003713966,
      0.21191201424586756,
      0.21250969145452914,
      0.21270492703612293,
      0.21359740871130622,
      0.21466675195247878,
      0.21478197396414653,
      0.2151790593350522,
      0.2155512155370943,
      0.2164131235326533,
      0.2168429262257062,
      0.21686266504647875,
      0.21718984359654195,
      0.21721354068273635,
      0.21882291097929604,
      0.21905184056941113,
      0.21905644994363863,
      0.22132479823981907,
      0.22135045428621367,
      0.22185373514784226,
      0.2227763794879292,
      0.2229420183876862,
      0.22315448303018698,
      0.2244079504830095,
      0.2245777722441319,
      0.2246604228048635,
      0.224683063644677,
      0.2248992499871481,
      0.2250070320691125,
      0.2251595711365041,
      0.22524925336595478,
      0.22538162896734273,
      0.22604832884776357,
      0.22611841884337003,
      0.22675097938025804,
      0.22684296656329553,
      0.22721244167221719,
      0.2272324956713843,
      0.22746774871999334,
      0.22760324579056462,
      0.22772700846316926,
      0.22774676785961193,
      0.22859194380861952,
      0.22968086898290582,
      0.2297703180226198,
      0.22990900795472197,
      0.23020265402493825,
      0.2302732806200749,
      0.2304507406597084,
      0.23067084110203287,
      0.23115273045366952,
      0.23136138248286153,
      0.23182688950705252,
      0.23256329812600182,
      0.23256860585372394,
      0.23279119968934897,
      0.23290486740835073,
      0.23297162179608996,
      0.23325389524075874,
      0.23415929925105236,
      0.23425622859557085,
      0.23451350390272016,
      0.2345246240125879,
      0.23456571743059454,
      0.2354542179731318,
      0.23547744151695238,
      0.23625449122218778,
      0.23642119414600357,
      0.23733204793169443,
      0.23796291447795803,
      0.23843675582760004,
      0.23923272619891459,
      0.23935151548145325,
      0.2393930840030214,
      0.23948217431709973,
      0.23957091598551825,
      0.2408202529570268,
      0.24103503148840907,
      0.2412377814736452,
      0.24179120566585907,
      0.24184356962127637,
      0.24259647895619083,
      0.24273617151174762,
      0.24281708491445322,
      0.24495943131365577,
      0.24538630534946532,
      0.24621053354254196,
      0.24624800357030774,
      0.24643894107170033,
      0.24664730682579059,
      0.24679333815491752,
      0.24696109066767252,
      0.24746561629455416,
      0.24832083748981118,
      0.24832928717473468,
      0.2490471276024427,
      0.2491677933216611,
      0.2493498779183841,
      0.2494017119463425,
      0.24985130539054415,
      0.25012990894335774,
      0.2501453696562406,
      0.2508168525754467,
      0.25114995590031064,
      0.2511686508069142,
      0.25178800646616445,
      0.25193450530692424,
      0.2519514260674954,
      0.2519524998172124,
      0.25210847410310655,
      0.25222544568591365,
      0.2522704971357013,
      0.2531607598600766,
      0.2534100188824785,
      0.25389534824549403,
      0.25390750185288335,
      0.2542674654266628,
      0.2543347741816166,
      0.2544225038328685,
      0.2546515032047084,
      0.2546628378967177,
      0.2550698857998324,
      0.2556002310592029,
      0.25591779937682324,
      0.25613719766212506,
      0.25618298712011683,
      0.2563311966734885,
      0.25639830641637,
      0.2573282924598807,
      0.2574180404525081,
      0.25917870244713337,
      0.2592630526979458,
      0.2593776039196794,
      0.2594134670412072,
      0.25945818602802817,
      0.25971045677956006,
      0.2599882796520367,
      0.26060541706130164,
      0.2606451648993752,
      0.2610225020252587,
      0.2617405863660309,
      0.2625174556643086,
      0.2628074037854433,
      0.2630255625555393,
      0.26334923472678856,
      0.2636880025528148,
      0.26388723212918086,
      0.26411906034047206,
      0.26424693022176354,
      0.2655689808394576,
      0.26558898069036024,
      0.2659383564275407,
      0.26611841101834216,
      0.26628372682489404,
      0.2663160632364587,
      0.2663173669068337,
      0.26652216084503855,
      0.2669038051538839,
      0.267243481061714,
      0.26768341469951845,
      0.26886959776138014,
      0.2689286100678664,
      0.26908521356501913,
      0.2694345725856527,
      0.2694760299842656,
      0.26994061925457297,
      0.27000293662619357,
      0.27002255127226155,
      0.27021937895110076,
      0.2702591361701491,
      0.27068806683745195,
      0.27091614470706926,
      0.271172073048262,
      0.2713317020403162,
      0.27157994408699915,
      0.27174332851680927,
      0.2720788424228922,
      0.2720891580147909,
      0.27221334429249877,
      0.27222251696853883,
      0.2722964621311759,
      0.2729944071665168,
      0.2736797742392786,
      0.2737894024606273,
      0.2738721353484205,
      0.2740500441692706,
      0.2740994160305578,
      0.27418678204161695,
      0.27432377168495004,
      0.2743637030614934,
      0.27441527899085894,
      0.2744637918331483,
      0.2744867195023956,
      0.27463601865818305,
      0.2748396888123296,
      0.27534653553203103,
      0.27534835382059897,
      0.27552678234924033,
      0.27615597704141204,
      0.27621895817751724,
      0.2775164031376341,
      0.27769643708328967,
      0.27785073000986865,
      0.2784270459931641,
      0.2787921833703084,
      0.2792514144247683,
      0.2802341430075715,
      0.2804261132507498,
      0.2821878822321232,
      0.2825317705955939,
      0.2826680124889517,
      0.2829997777124657,
      0.28301514757832724,
      0.28311201236818684,
      0.2835801445721681,
      0.28369652391706274,
      0.28370273806209956,
      0.2839817351951722,
