{
  "task": "classification",
  "format": "onnx",
  "preset_name": "heuristic",
  "best_iteration": 99,
  "params": {
    "tree_method": "hist",
    "device": "cpu",
    "learning_rate": 0.1,
    "n_estimators": 2000,
    "early_stopping_rounds": 50,
    "max_depth": 3,
    "min_child_weight": 1,
    "subsample": 1.0,
    "colsample_bytree": 0.5,
    "colsample_bynode": 0.072,
    "reg_alpha": 0.3,
    "reg_lambda": 2.125,
    "gamma": 0.05,
    "max_bin": 128,
    "nthread": 16,
    "objective": "binary:logistic",
    "scale_pos_weight": 9.0,
    "eval_metric": "auc"
  },
  "profile": {
    "n_samples": 500,
    "n_features": 768,
    "n_p_ratio": 0.6510416666666666,
    "sparsity": 0.0,
    "is_sparse_counts": false,
    "binary_feature_fraction": 0.0,
    "feature_signal_strength": 0.08019493745883381,
    "feature_signal_p90": 0.17286403574936074,
    "task": "classification",
    "imbalance_ratio": 9.0,
    "y_skewness": 0.0,
    "y_all_positive": false
  },
  "portfolio_scores": {
    "flaml": NaN,
    "autogluon": NaN,
    "heuristic": 0.9242790149869795,
    "default": 0.870469194031141
  },
  "decision_cutoff_raw": 0.13271020352840424,
  "decision_cutoff_raw_source": "oof_balanced_accuracy",
  "decision_cutoff_proba": 0.09273640498854345,
  "decision_cutoff_rank": 0.8517034068136272,
  "decision_cutoff_logit": -2.2806719170366785,
  "calibrator": {
    "method": "platt",
    "coef": 4.366233221437124,
    "intercept": -2.8601156165060795
  },
  "ranker": {
    "knots": [
      0.0007564368424937129,
      0.0010631061159074306,
      0.0012087068753316998,
      0.001316301291808486,
      0.001353928935714066,
      0.0014225330669432878,
      0.0014484015991911292,
      0.0016627737786620855,
      0.0016742607112973928,
      0.0019213787745684385,
      0.0019821329042315483,
      0.002089357702061534,
      0.002133746398612857,
      0.0021541272290050983,
      0.00216171913780272,
      0.0022134126629680395,
      0.00224515818990767,
      0.002278217114508152,
      0.0023223371244966984,
      0.0023563930299133062,
      0.0024402786511927843,
      0.002537770429626107,
      0.0025781290605664253,
      0.002580751897767186,
      0.002603717613965273,
      0.0026322510093450546,
      0.002635920187458396,
      0.0026697663124650717,
      0.002684416249394417,
      0.002704870654270053,
      0.0027343311812728643,
      0.0027705240063369274,
      0.00285444431938231,
      0.002966297557577491,
      0.0029820220079272985,
      0.0031063463538885117,
      0.0032649687491357327,
      0.003274155780673027,
      0.0033179419115185738,
      0.0033823344856500626,
      0.0034286831505596638,
      0.0035349084064364433,
      0.0036511558573693037,
      0.003743908368051052,
      0.0037787742912769318,
      0.003793347394093871,
      0.0039020199328660965,
      0.003986685071140528,
      0.004010180942714214,
      0.00402198126539588,
      0.004024037159979343,
      0.0040935189463198185,
      0.004158071707934141,
      0.00421020295470953,
      0.004285472445189953,
      0.004372882656753063,
      0.004386876709759235,
      0.0044060368090868,
      0.004408509936183691,
      0.004612697754055262,
      0.004655832424759865,
      0.004672257695347071,
      0.004728212021291256,
      0.0047538550570607185,
      0.0047777811996638775,
      0.00483457138761878,
      0.00490326015278697,
      0.004955897107720375,
      0.00517506105825305,
      0.005240138620138168,
      0.00525244977325201,
      0.005294456612318754,
      0.005300577264279127,
      0.005330478306859732,
      0.00535731902346015,
      0.005366461351513863,
      0.005380416754633188,
      0.005387515295296907,
      0.005398114211857319,
      0.005402885843068361,
      0.005451363045722246,
      0.0054781571961939335,
      0.005535755306482315,
      0.005561215803027153,
      0.00567283108830452,
      0.005705650430172682,
      0.005743078421801329,
      0.005864412523806095,
      0.005883034318685532,
      0.005933476146310568,
      0.005961941555142403,
      0.006031581200659275,
      0.006108475383371115,
      0.006131486967206001,
      0.006168091669678688,
      0.0061880117282271385,
      0.006189222913235426,
      0.006225742399692535,
      0.006286353338509798,
      0.006338048260658979,
      0.006458834279328585,
      0.006512949243187904,
      0.006523841060698032,
      0.00653321435675025,
      0.006611570715904236,
      0.006638502236455679,
      0.006700603291392326,
      0.006770100444555283,
      0.00677514960989356,
      0.006787764839828014,
      0.006840611342340708,
      0.006887126248329878,
      0.006903933361172676,
      0.006904942914843559,
      0.006994588300585747,
      0.007121877279132605,
      0.007127958815544844,
      0.007205014582723379,
      0.0073171514086425304,
      0.007317622657865286,
      0.007346737664192915,
      0.007404072675853968,
      0.007418274879455566,
      0.007423339877277613,
      0.007433806546032429,
      0.00756002776324749,
      0.007571058813482523,
      0.007669891230762005,
      0.007718321867287159,
      0.007745144888758659,
      0.007757746614515781,
      0.0077788978815078735,
      0.007846974767744541,
      0.007861878722906113,
      0.007891181856393814,
      0.007898031733930111,
      0.007903671823441982,
      0.007928019389510155,
      0.00804225541651249,
      0.008052167482674122,
      0.008101347833871841,
      0.008273659273982048,
      0.008290343917906284,
      0.008633074350655079,
      0.008645575493574142,
      0.00866937730461359,
      0.0087504331022501,
      0.008764738216996193,
      0.008827662095427513,
      0.008839121088385582,
      0.00886549986898899,
      0.008902918547391891,
      0.008928506635129452,
      0.008978026919066906,
      0.0089909378439188,
      0.009053210727870464,
      0.009056984446942806,
      0.009114460088312626,
      0.009191969409584999,
      0.009239654056727886,
      0.009283709339797497,
      0.00938922818750143,
      0.009403297677636147,
      0.009483025409281254,
      0.009504947811365128,
      0.009547005407512188,
      0.009643006138503551,
      0.009658907540142536,
      0.009676547721028328,
      0.009709751233458519,
      0.00984911248087883,
      0.00986859668046236,
      0.00989257451146841,
      0.009999046102166176,
      0.010098730213940144,
      0.010114568285644054,
      0.010297102853655815,
      0.010298502631485462,
      0.010450883768498898,
      0.010539408773183823,
      0.010553634725511074,
      0.010640938766300678,
      0.010820443741977215,
      0.010972976684570312,
      0.010992120020091534,
      0.010997321456670761,
      0.011260763742029667,
      0.011513281613588333,
      0.011545153334736824,
      0.011645263992249966,
      0.011695632711052895,
      0.011843729764223099,
      0.011854516342282295,
      0.011861512437462807,
      0.01207090076059103,
      0.012073744088411331,
      0.012149596586823463,
      0.012157611548900604,
      0.012160669080913067,
      0.012319988571107388,
      0.012361334636807442,
      0.012448258697986603,
      0.012805062346160412,
      0.012907410971820354,
      0.012956847436726093,
      0.013231753371655941,
      0.013238945975899696,
      0.01326681300997734,
      0.013380405493080616,
      0.013612727634608746,
      0.013615262694656849,
      0.013761268928647041,
      0.013884328305721283,
      0.013897587545216084,
      0.014101628214120865,
      0.014212949201464653,
      0.014263646677136421,
      0.014353684149682522,
      0.014425389468669891,
      0.014469962567090988,
      0.014706175774335861,
      0.014797672629356384,
      0.014888826757669449,
      0.014908954501152039,
      0.015061751008033752,
      0.015072940848767757,
      0.015095212496817112,
      0.015431352891027927,
      0.015504855662584305,
      0.01555811706930399,
      0.015902115032076836,
