{
  "n_components": 45,
  "n_features_in": 2048,
  "n_cal_knots": 200,
  "cal_min": 2.695770502090454,
  "cal_max": 29.186147689819336,
  "scaler": "standard"
}