{
  "mode": "slow",
  "descriptor_types": [
    "chemeleon"
  ],
  "n_compounds": 880,
  "n_actives": 88,
  "ratio_actives": 0.1,
  "population_prior": 0.1,
  "portfolio": [
    "lr",
    "xgb",
    "rf",
    "svc"
  ],
  "num_batches": {
    "chemeleon": 1
  },
  "decision_cutoff_raw": 0.23003725370226863,
  "decision_cutoff_proba": 0.08791443899452367,
  "decision_cutoff_rank": 0.8532423208191127,
  "oof_aucs": {
    "chemeleon": 0.9786357897153352
  },
  "proxy_aucs": {
    "chemeleon": 0.9753213957759412
  },
  "train_aucs": {
    "chemeleon": 1.0
  },
  "quality_aucs": {
    "chemeleon": 0.9572715794306703
  },
  "active_descriptors": {
    "chemeleon": true
  },
  "ad_hard_cutoffs": {
    "chemeleon": 0.05000000074505806
  },
  "rank_error_curves": {
    "chemeleon": [
      [
        0.047362195262669216,
        0.11562565638388375,
        0.17027221911190954,
        0.19637229396240313,
        0.22620200794827028,
        0.25485848782550174,
        0.27988158787182404,
        0.3027969595983192,
        0.3260577470426125,
        0.357020495055007,
        0.39006486228501996,
        0.41835253017780366,
        0.4532155942803379,
        0.49747293510473733,
        0.5369167131251107,
        0.6193959846918442,
        0.7309370626930946,
        0.8685449404393522,
        0.9650235563685765,
        0.9993548932510139
      ],
      [
        0.01895893838699384,
        0.019796298557839195,
        0.02066955916101924,
        0.02153593317429436,
        0.021873549655489252,
        0.02241630328134729,
        0.023975522202267792,
        0.024486323539941474,
        0.02501528257759287,
        0.02578422526676227,
        0.026534507799686635,
        0.02769704217234227,
        0.029686971832023085,
        0.03235750662750305,
        0.03407949167331595,
        0.04420395228448383,
        0.05253081659821439,
        0.20906441097315442,
        0.19763942426418096,
        0.1291822171622327
      ]
    ]
  },
  "decision_cutoff_logit": -2.339369745215545,
  "decision_cutoff_lift": 0.8791443899452367
}