{
  "mode": "slow",
  "descriptor_types": [
    "chemeleon"
  ],
  "n_compounds": 880,
  "n_actives": 88,
  "ratio_actives": 0.1,
  "population_prior": 0.1,
  "portfolio": [
    "lr",
    "xgb",
    "rf",
    "svc"
  ],
  "num_batches": {
    "chemeleon": 1
  },
  "decision_cutoff_raw": 0.28777241808466447,
  "decision_cutoff_proba": 0.12985144196246906,
  "decision_cutoff_rank": 0.8737201365187712,
  "oof_aucs": {
    "chemeleon": 0.9801279843893481
  },
  "proxy_aucs": {
    "chemeleon": 0.9738578971533517
  },
  "train_aucs": {
    "chemeleon": 1.0
  },
  "quality_aucs": {
    "chemeleon": 0.9602559687786962
  },
  "active_descriptors": {
    "chemeleon": true
  },
  "ad_hard_cutoffs": {
    "chemeleon": 0.05000000074505806
  },
  "rank_error_curves": {
    "chemeleon": [
      [
        0.03733261844364595,
        0.11701778097820473,
        0.14966439226423223,
        0.18279742147426936,
        0.21595109580924182,
        0.243570850065175,
        0.27300515383123486,
        0.3007949946597616,
        0.3281321547799402,
        0.34823194185114115,
        0.38034480382863967,
        0.41186863835314574,
        0.4441599843223474,
        0.48960539385616475,
        0.5391020088471888,
        0.6029036040239643,
        0.6979496282079889,
        0.8697471205914002,
        0.9641583225323291,
        0.9999337933323895
      ],
      [
        0.01908839833392578,
        0.020313904115707618,
        0.020815562537745087,
        0.020965783908309162,
        0.02205931842709621,
        0.02253628777364754,
        0.023455898522550624,
        0.02433210342487785,
        0.025124871607834127,
        0.025388593347363677,
        0.02552175449723943,
        0.027681027627924584,
        0.028862615332573553,
        0.030603867318665406,
        0.035106169848808474,
        0.040548212892387456,
        0.04669980226236049,
        0.20677325015728792,
        0.19602542005857854,
        0.11756541853263362
      ]
    ]
  },
  "decision_cutoff_logit": -1.9022729105570388,
  "decision_cutoff_lift": 1.2985144196246905
}