{
    "portfolio": [
        "xgb",
        "rf"
    ],
    "max_batch_size": 100000,
    "max_imbalance_ratio": 100,
    "num_batches": 1,
    "population_prior": 0.46772533450963094,
    "batch_priors": [
        0.46772533450963094
    ],
    "decision_cutoff_raw": 0.45273501217365264,
    "decision_cutoff_proba": 0.5108398194548104,
    "decision_cutoff_rank": 0.5324264705882353,
    "decision_cutoff_logit": 0.04336607278653868,
    "decision_cutoff_lift": 1.0921790669953364
}