{
    "portfolio": [
        "xgb",
        "rf"
    ],
    "max_batch_size": 100000,
    "max_imbalance_ratio": 100,
    "num_batches": 1,
    "population_prior": 0.46772533450963094,
    "batch_priors": [
        0.46772533450963094
    ],
    "decision_cutoff_raw": 0.38299638628959654,
    "decision_cutoff_proba": 0.49030762747576906,
    "decision_cutoff_rank": 0.5044117647058823,
    "decision_cutoff_logit": -0.03877434730773552,
    "decision_cutoff_lift": 1.0482810985421898
}