{
  "n_components": 45,
  "n_features_in": 2048,
  "n_cal_knots": 200,
  "cal_min": 1.6320555210113525,
  "cal_max": 33.434959411621094,
  "scaler": "standard"
}