{
  "mode": "slow",
  "descriptor_types": [
    "chemeleon",
    "morgan"
  ],
  "n_compounds": 1360,
  "n_actives": 136,
  "ratio_actives": 0.1,
  "population_prior": 0.1,
  "portfolio": [
    "lr",
    "xgb",
    "rf",
    "svc"
  ],
  "num_batches": {
    "chemeleon": 1,
    "morgan": 1
  },
  "decision_cutoff_raw": 0.2716835768071789,
  "decision_cutoff_proba": 0.08852501312836866,
  "decision_cutoff_rank": 0.8348969830757911,
  "oof_aucs": {
    "chemeleon": 0.9839124375240292,
    "morgan": 0.9761449923106498
  },
  "proxy_aucs": {
    "chemeleon": 0.9560085063437139,
    "morgan": 0.9561767108804305
  },
  "train_aucs": {
    "chemeleon": 1.0,
    "morgan": 1.0
  },
  "quality_aucs": {
    "chemeleon": 0.9678248750480585,
    "morgan": 0.9522899846212995
  },
  "active_descriptors": {
    "chemeleon": true,
    "morgan": true
  },
  "ad_hard_cutoffs": {
    "chemeleon": 0.05000000074505806,
    "morgan": 0.05000000074505806
  },
  "rank_error_curves": {
    "chemeleon": [
      [
        0.0707085111640281,
        0.13783389842546487,
        0.17412407166534088,
        0.20187076470548304,
        0.22539713950770324,
        0.2439220008964012,
        0.26231436626239113,
        0.283655171732809,
        0.30281738021439786,
        0.3279470481596331,
        0.3514473332971231,
        0.3796225907764947,
        0.40381510000465476,
        0.43797051656940267,
        0.48069755980406953,
        0.5405811077905396,
        0.6516176002740841,
        0.7464512975032613,
        0.957957628843352,
        0.9903831728582426
      ],
      [
        0.020039513238339527,
        0.020619044437768578,
        0.021626423977322073,
        0.022539885413116557,
        0.022613862952256293,
        0.02263579621548557,
        0.023078110502742093,
        0.02290892948335743,
        0.023076280539200588,
        0.02338713404649193,
        0.023599462072831017,
        0.024726372625458022,
        0.02535742878168785,
        0.02479484195638177,
        0.027035689150898226,
        0.029951149407082638,
        0.05882186796562883,
        0.2459415845843542,
        0.3354237027175367,
        0.26686132185525313
      ]
    ],
    "morgan": [
      [
        0.19577952423864858,
        0.2689494409854991,
        0.30026396975522684,
        0.32847243992089564,
        0.35154718128979723,
        0.3743748844138989,
        0.39921422441367305,
        0.4178633952959521,
        0.4370359279017326,
        0.4577325336141179,
        0.47764492057335795,
        0.5032689621907207,
        0.5337535029601689,
        0.5614152499341644,
        0.5938731748638681,
        0.638540724460557,
        0.7659074722132534,
        0.8820974670734855,
        0.9585588484185237,
        0.9914966914084193
      ],
      [
        0.012975665731337304,
        0.013315244566017265,
        0.013542445385702442,
        0.013750899128948744,
        0.014033230574499636,
        0.01409755293226035,
        0.014718212595622348,
        0.015913347486945374,
        0.01613269789945994,
        0.01674920178530655,
        0.016816904542779027,
        0.018158354613881742,
        0.021262532756895606,
        0.021849794833205042,
        0.023986682349665254,
        0.02755184968242192,
        0.07733395155774796,
        0.25842197650233856,
        0.2401901803583197,
        0.1953641460932698
      ]
    ]
  },
  "decision_cutoff_logit": -2.331779005722329,
  "decision_cutoff_lift": 0.8852501312836866
}