{
  "mode": "slow",
  "descriptor_types": [
    "chemeleon"
  ],
  "n_compounds": 1360,
  "n_actives": 136,
  "ratio_actives": 0.1,
  "population_prior": 0.1,
  "portfolio": [
    "lr",
    "xgb",
    "rf",
    "svc"
  ],
  "num_batches": {
    "chemeleon": 1
  },
  "decision_cutoff_raw": 0.40839210248969504,
  "decision_cutoff_proba": 0.12370006725482616,
  "decision_cutoff_rank": 0.7897350993377483,
  "oof_aucs": {
    "chemeleon": 0.9836841599384853
  },
  "proxy_aucs": {
    "chemeleon": 0.9597991157247213
  },
  "train_aucs": {
    "chemeleon": 1.0
  },
  "quality_aucs": {
    "chemeleon": 0.9673683198769707
  },
  "active_descriptors": {
    "chemeleon": true
  },
  "ad_hard_cutoffs": {
    "chemeleon": 0.05000000074505806
  },
  "rank_error_curves": {
    "chemeleon": [
      [
        0.11517235923952512,
        0.20986621619775128,
        0.23904947489750178,
        0.2648477785410982,
        0.2814631587964747,
        0.2984958577159656,
        0.3156120608005976,
        0.33228393209378404,
        0.3488252849368724,
        0.3654550280932032,
        0.3833823374775375,
        0.4046768932215844,
        0.4265560751036505,
        0.4518301690206821,
        0.48011342851839406,
        0.526112497331814,
        0.6191508939730567,
        0.7601716086413088,
        0.9560967807833027,
        0.9983336091112339
      ],
      [
        0.01800221458306718,
        0.018598989741572525,
        0.019327614196519332,
        0.0210848784228531,
        0.02048524914494248,
        0.02014423405945284,
        0.020503286606719975,
        0.02381736331502187,
        0.02109479801899223,
        0.020828507044369827,
        0.022887613540242546,
        0.02412834464717706,
        0.02357970293453305,
        0.02412999147602232,
        0.026096716299572904,
        0.033811621054606,
        0.04645421705749624,
        0.23202764173927867,
        0.3583116538836865,
        0.31318533165003865
      ]
    ]
  },
  "decision_cutoff_logit": -1.9578485982218592,
  "decision_cutoff_lift": 1.2370006725482614
}