{
  "task": "classification",
  "format": "onnx",
  "preset_name": "default",
  "use_linear": false,
  "n_features_in": 768,
  "classes": [
    0,
    1
  ],
  "params": {
    "C": 1.0,
    "kernel": "rbf",
    "gamma": "scale",
    "class_weight": "balanced",
    "max_iter": 1140,
    "tol": 0.001,
    "random_state": 42,
    "use_linear": false
  },
  "profile": {
    "n_samples": 228,
    "n_features": 768,
    "n_p_ratio": 0.296875,
    "sparsity": 0.0,
    "is_sparse_counts": false,
    "binary_feature_fraction": 0.0,
    "feature_signal_strength": 0.12754048048343752,
    "feature_signal_p90": 0.261076058658131,
    "task": "classification",
    "imbalance_ratio": 2.211267605633803,
    "y_skewness": 0.0,
    "y_all_positive": false
  },
  "portfolio_scores": {
    "heuristic": 0.8411764705882352,
    "default": 0.8490196078431372,
    "linear": 0.7686274509803921,
    "balanced_rbf": 0.8333333333333334
  },
  "decision_cutoff_raw": 0.4636536560067253,
  "decision_cutoff_raw_source": "oof_balanced_accuracy",
  "decision_cutoff_proba": 0.3123164145863067,
  "decision_cutoff_rank": 0.5550660792951543,
  "decision_cutoff_logit": -0.7893120040001104,
  "calibrator": {
    "method": "platt",
    "coef": 4.881654415411496,
    "intercept": -3.0527089210670235
  },
  "ranker": {
    "knots": [
      0.22976611442095657,
      0.23144939753358032,
      0.23170649787071962,
      0.2340765795176634,
      0.23539272449885734,
      0.23544828184491973,
      0.23637999894857534,
      0.2366419019698184,
      0.23858245778109938,
      0.2388107086414843,
      0.23896612344938753,
      0.2413035344574356,
      0.24153410046429505,
      0.24514903724840958,
      0.2472171688042952,
      0.24809963089317655,
      0.2485268255445906,
      0.24868222874158538,
      0.25067787662118807,
      0.2508254025537511,
      0.25107168768046023,
      0.25134453695246717,
      0.2526387578796233,
      0.25270555194132377,
      0.2529687690521927,
      0.25400391138174017,
      0.2546585024343769,
      0.25493144890989783,
      0.25624161232285,
      0.2563993260833294,
      0.25703072923680487,
      0.2572061298604204,
      0.2577799432790046,
      0.2584787426672013,
      0.25849236844685336,
      0.258559540476882,
      0.25870517974391527,
      0.2591451018273791,
      0.2592182506418355,
      0.2606642453466035,
      0.26139849431169204,
      0.2620336055830729,
      0.26250633978151483,
      0.26352758874174625,
      0.26359689076943643,
      0.263680493757602,
      0.2637504476575314,
      0.2639711848828858,
      0.26449205845139795,
      0.26539008058111313,
      0.26551565869745264,
      0.26576494358027763,
      0.26623038673174976,
      0.2669015700141306,
      0.2671661601679478,
      0.2673715250561608,
      0.26757858200060153,
      0.26794035553829815,
      0.26856393046808386,
      0.2686105274789284,
      0.2693714941646789,
      0.269709967104495,
      0.27023018516885333,
      0.2705837797605131,
      0.27098999250654204,
      0.2710212982252022,
      0.27725900199243486,
      0.2781503597086286,
      0.27961712926382887,
      0.2811262084021401,
      0.2815116969355971,
      0.2828081345803972,
      0.2832726401543627,
      0.283672722046952,
      0.28369699046987057,
      0.28399704598121517,
      0.28541714262777396,
      0.28614387707979555,
      0.2864117438788847,
      0.28660805560552266,
      0.28770186088534877,
      0.2879860249712332,
      0.2931915789917471,
      0.29327961043070017,
      0.29469272353387915,
      0.2976400143985844,
      0.29817343295892623,
      0.3010381523023831,
      0.3018655045413239,
      0.30335152830954,
      0.3042539077599468,
      0.3148995054470559,
      0.31562033696061603,
      0.31815424004845605,
      0.32476369068084504,
      0.326636512652576,
      0.3279486019383617,
      0.3303604024058614,
      0.3374777811595978,
      0.33755604181815224,
      0.3398719531893321,
      0.3405833361820785,
      0.3495473332935349,
      0.3529100439835388,
      0.3534444541839221,
      0.35564126550961034,
      0.3591720788290751,
      0.3614260952415288,
      0.36201490188817614,
      0.3635565616654641,
      0.36841261043328616,
      0.38185372610446455,
      0.38197449921495,
      0.3874037282551938,
      0.3939767181033647,
      0.3991423832430541,
      0.4078129898819457,
      0.4114705721079983,
      0.413403754046368,
      0.4242477724062505,
      0.428544743049995,
      0.43397489130045513,
      0.43534062027316495,
      0.44267611968474824,
      0.44698693771604964,
      0.4549994390479203,
      0.4636536560067253,
      0.46860844634259335,
      0.46947189197483696,
      0.47351582757534677,
      0.47707610860611965,
      0.47809630341356835,
      0.48152510764014156,
      0.48278093274012535,
      0.4892453714911174,
      0.4915013108395191,
      0.49181266137663526,
      0.4929240133575881,
      0.49576385889184577,
      0.49800621410344065,
      0.49867709863217896,
      0.5017735906637935,
      0.5035051505227944,
      0.504149489683262,
      0.5050560294870987,
      0.5076986590225864,
      0.5099441133935618,
      0.5111987746712944,
      0.5167205093371303,
      0.5205729836723081,
      0.5233108443501309,
      0.5287632317418174,
      0.5398350576875548,
      0.5410168153018964,
      0.5414459263012256,
      0.5471937768654085,
      0.5504456227426865,
      0.5564527573355496,
      0.5603944587472112,
      0.5619259323760688,
      0.5620158040998049,
      0.5694214933321914,
      0.5715655832096894,
      0.5756347805220425,
      0.5814417017702653,
      0.5853633802512015,
      0.5903041549824948,
      0.5912909683056151,
      0.5950683577240483,
      0.5975539542438001,
      0.5993839078076301,
      0.6030522740379202,
      0.6050768244529974,
      0.6052842373139959,
      0.6121809338774596,
      0.6140769461663518,
      0.6150442098757318,
      0.6150529577172085,
      0.6172996497996021,
      0.6189742429843126,
      0.6226650036499932,
      0.6256316182983339,
      0.6292278606973558,
      0.6336517393080404,
      0.6342859077316166,
      0.6417752924653876,
      0.6479030218310528,
      0.6479977271720503,
      0.6497589823096193,
      0.6523229238010024,
      0.6581781459335516,
      0.6610566176595948,
      0.6665304523384732,
      0.6698219856021983,
      0.6707553624737601,
      0.6721962654062003,
      0.6739933326340127,
      0.6743380834654832,
      0.6771682160958591,
      0.686836430337045,
      0.6898885263433806,
      0.6904635129091924,
      0.6998768110730604,
      0.702359673047426,
      0.7052969910066968,
      0.7089421824034707,
      0.7104282172951983,
      0.7119404207111458,
      0.7165359010042107,
      0.7187109631361529,
      0.7200271803439943,
      0.7204589370464818,
      0.7214306642180196,
      0.7257820021689118,
      0.7262168551934759,
      0.7275837037276697,
      0.7287970696097258,
      0.7294187917184166,
      0.7297196871678568,
      0.7350536983038618,
      0.7364092750245947,
      0.7376515011504173,
      0.7390330658672944,
      0.7394215860605943,
      0.7521944984981063,
      0.7568244954060137,
      0.7573557651884383,
      0.7668492497896063
    ]
  }
}