{
  "task": "classification",
  "format": "onnx",
  "preset_name": "default",
  "best_iteration": 99,
  "params": {
    "tree_method": "hist",
    "device": "cpu",
    "learning_rate": 0.3,
    "max_depth": 6,
    "min_child_weight": 1,
    "subsample": 1.0,
    "colsample_bytree": 1.0,
    "reg_alpha": 0.0,
    "reg_lambda": 1.0,
    "max_bin": 256,
    "n_estimators": 2000,
    "early_stopping_rounds": 50,
    "nthread": 64,
    "objective": "binary:logistic",
    "scale_pos_weight": 2.2113,
    "eval_metric": "auc"
  },
  "profile": {
    "n_samples": 228,
    "n_features": 768,
    "n_p_ratio": 0.296875,
    "sparsity": 0.0,
    "is_sparse_counts": false,
    "binary_feature_fraction": 0.0,
    "feature_signal_strength": 0.12754048048343752,
    "feature_signal_p90": 0.261076058658131,
    "task": "classification",
    "imbalance_ratio": 2.211267605633803,
    "y_skewness": 0.0,
    "y_all_positive": false
  },
  "portfolio_scores": {
    "flaml": NaN,
    "autogluon": NaN,
    "heuristic": 0.9163398692810457,
    "default": 0.9143790849673202
  },
  "decision_cutoff_raw": 0.059385813772678375,
  "decision_cutoff_raw_source": "oof_balanced_accuracy",
  "decision_cutoff_proba": 0.1362810392753748,
  "decision_cutoff_rank": 0.5418502202643173,
  "decision_cutoff_logit": -1.8465282201572113,
  "calibrator": {
    "method": "platt",
    "coef": 3.3798839867530694,
    "intercept": -2.047245381167787
  },
  "ranker": {
    "knots": [
      0.0003648705023806542,
      0.0005135199171490967,
      0.0005266806110739708,
      0.0005719125620089471,
      0.0005752301076427102,
      0.0006140039185993373,
      0.0006275372579693794,
      0.0006322055705823004,
      0.0006755562499165535,
      0.0006971076945774257,
      0.0008659971063025296,
      0.0008762747747823596,
      0.000897571153473109,
      0.000906377041246742,
      0.0009153311839327216,
      0.000918626319617033,
      0.0009612152352929115,
      0.0009718932560645044,
      0.0009839859558269382,
      0.000997463008388877,
      0.0011482019908726215,
      0.0011746163945645094,
      0.001191036542877555,
      0.0012409194605425,
      0.001296906964853406,
      0.0012972770491614938,
      0.0013359554577618837,
      0.0013850933173671365,
      0.0013869802933186293,
      0.0014046248979866505,
      0.0014099401887506247,
      0.001425776514224708,
      0.0014812878798693419,
      0.001613257802091539,
      0.0016459532780572772,
      0.0016682062996551394,
      0.001739094383083284,
      0.0017834530444815755,
      0.001800397178158164,
      0.0018114633858203888,
      0.0018292049644514918,
      0.0018301723757758737,
      0.0020074560306966305,
      0.0020295155700296164,
      0.0020536899100989103,
      0.0020599686540663242,
      0.0020947891753166914,
      0.0020984704606235027,
      0.002117839641869068,
      0.0021627251990139484,
      0.0022155798505991697,
      0.0023984690196812153,
      0.002892863703891635,
      0.0029012977611273527,
      0.003036987502127886,
      0.003060499904677272,
      0.0030829356983304024,
      0.0031792421359568834,
      0.0032340644393116236,
      0.003466637572273612,
      0.003537470940500498,
      0.0035621991846710443,
      0.00379408267326653,
      0.003826751606538892,
      0.003908408340066671,
      0.004056475590914488,
      0.004398630000650883,
      0.004440274089574814,
      0.0047020819038152695,
      0.004853424616158009,
      0.004864870570600033,
      0.005089874844998121,
      0.0055638826452195644,
      0.005618751980364323,
      0.005890529602766037,
      0.0064544170163571835,
      0.0066681825555861,
      0.006948432885110378,
      0.00724331010133028,
      0.00870891846716404,
      0.010046092793345451,
      0.010190813802182674,
      0.010309760458767414,
      0.010773544199764729,
      0.014170213602483273,
      0.014623142778873444,
      0.014636561274528503,
      0.015541328117251396,
      0.015834202989935875,
      0.01841944083571434,
      0.020767759531736374,
      0.02121933363378048,
      0.021291052922606468,
      0.023908311501145363,
      0.024008968845009804,
      0.024213269352912903,
      0.02645660936832428,
      0.026688197627663612,
      0.027463296428322792,
      0.028034649789333344,
      0.029017750173807144,
      0.029395725578069687,
      0.03159719705581665,
      0.032191671431064606,
      0.03323118016123772,
      0.03422699123620987,
      0.03468569740653038,
      0.03545130789279938,
      0.03687559440732002,
      0.037482455372810364,
      0.04115276411175728,
      0.04225059226155281,
      0.04334016144275665,
      0.04380691051483154,
      0.04604659602046013,
      0.047974325716495514,
      0.04929549619555473,
      0.04956456646323204,
      0.053779952228069305,
      0.05705006793141365,
      0.058509401977062225,
      0.058860380202531815,
      0.05886121094226837,
      0.059385813772678375,
      0.06694304943084717,
      0.07745977491140366,
      0.08875106275081635,
      0.10061227530241013,
      0.10284522920846939,
      0.10689651966094971,
      0.11040632426738739,
      0.11734627187252045,
      0.11829472333192825,
      0.11855702847242355,
      0.11890450119972229,
      0.12525756657123566,
      0.1413450390100479,
      0.14162443578243256,
      0.14580823481082916,
      0.14900122582912445,
      0.15665625035762787,
      0.16696517169475555,
      0.1677483171224594,
      0.18210965394973755,
      0.1890198290348053,
      0.20583294332027435,
      0.2500019669532776,
      0.2788601219654083,
      0.3047396242618561,
      0.3166773319244385,
      0.33277031779289246,
      0.35720646381378174,
      0.36537930369377136,
      0.3670797646045685,
      0.41411375999450684,
      0.4167068898677826,
      0.42595207691192627,
      0.4473259150981903,
      0.45495569705963135,
      0.45840609073638916,
      0.5383955836296082,
      0.5467880368232727,
      0.5667163133621216,
      0.5882025361061096,
      0.5885230302810669,
      0.5965151786804199,
      0.6441321969032288,
      0.6717290878295898,
      0.6948444843292236,
      0.743053138256073,
      0.7652157545089722,
      0.7658527493476868,
      0.7719539999961853,
      0.7728280425071716,
      0.786087155342102,
      0.7886718511581421,
      0.7893649339675903,
      0.8039213418960571,
      0.8157676458358765,
      0.8189679980278015,
      0.8313751220703125,
      0.8341721892356873,
      0.8407257199287415,
      0.8481074571609497,
      0.8622236847877502,
      0.870728611946106,
      0.8770588040351868,
      0.8928315043449402,
      0.8987475037574768,
      0.9006969928741455,
      0.9265982508659363,
      0.927480936050415,
      0.9306980967521667,
      0.9322776198387146,
      0.9363448023796082,
      0.9450360536575317,
      0.9460633993148804,
      0.9469940662384033,
      0.9552494287490845,
      0.958853542804718,
      0.9638925194740295,
      0.9736149311065674,
      0.9736157655715942,
      0.9755679368972778,
      0.9766033887863159,
      0.9786715507507324,
      0.9787805080413818,
      0.9837465882301331,
      0.9842925667762756,
      0.9853004813194275,
      0.9854665994644165,
      0.9870591163635254,
      0.9873719215393066,
      0.9889351725578308,
      0.990555465221405,
      0.9912340044975281,
      0.9929457306861877,
      0.993364691734314,
      0.9940231442451477,
      0.9950029253959656,
      0.9951205849647522,
      0.9951222538948059,
      0.9952118396759033,
      0.9953849911689758,
      0.9957693815231323,
      0.9959976673126221,
      0.9961400628089905,
      0.9975765347480774
    ]
  }
}