{
  "n_components": 45,
  "n_features_in": 2048,
  "n_cal_knots": 200,
  "cal_min": 2.6924121379852295,
  "cal_max": 71.83204650878906,
  "scaler": "standard"
}