{
  "n_components": 45,
  "n_features_in": 2048,
  "n_cal_knots": 200,
  "cal_min": 2.765648603439331,
  "cal_max": 72.244140625,
  "scaler": "standard"
}