{
    "portfolio": [
        "xgb",
        "rf",
        "svc"
    ],
    "max_batch_size": 100000,
    "max_imbalance_ratio": 100,
    "num_batches": 1,
    "population_prior": 0.1,
    "batch_priors": [
        0.1
    ],
    "decision_cutoff_raw": 0.26203537497688156,
    "decision_cutoff_proba": 0.11198517381400112,
    "decision_cutoff_rank": 0.8196392785571142,
    "decision_cutoff_logit": -2.070621953136368,
    "decision_cutoff_lift": 1.1198517381400113
}