{
  "mode": "slow",
  "descriptor_types": [
    "chemeleon",
    "clamp",
    "rdkit"
  ],
  "n_compounds": 830,
  "n_actives": 83,
  "ratio_actives": 0.1,
  "population_prior": 0.1,
  "portfolio": [
    "lr",
    "xgb",
    "rf",
    "svc"
  ],
  "num_batches": {
    "chemeleon": 1,
    "clamp": 1,
    "rdkit": 1
  },
  "decision_cutoff_raw": 0.35233314789567255,
  "decision_cutoff_proba": 0.16190595586435044,
  "decision_cutoff_rank": 0.8420788098110172,
  "oof_aucs": {
    "chemeleon": 0.9902904791858196,
    "clamp": 0.9931936581668038,
    "rdkit": 0.9934678472927856
  },
  "proxy_aucs": {
    "chemeleon": 0.9906453121723844,
    "clamp": 0.9928146320220641,
    "rdkit": 0.9902904791858196
  },
  "train_aucs": {
    "chemeleon": 1.0,
    "clamp": 1.0,
    "rdkit": 0.9999919356139417
  },
  "quality_aucs": {
    "chemeleon": 0.9805809583716392,
    "clamp": 0.9863873163336077,
    "rdkit": 0.9869437589716294
  },
  "active_descriptors": {
    "chemeleon": true,
    "clamp": true,
    "rdkit": true
  },
  "ad_hard_cutoffs": {
    "chemeleon": 0.052250005304813385,
    "clamp": 0.052250005304813385,
    "rdkit": 0.052250005304813385
  },
  "rank_error_curves": {
    "chemeleon": [
      [
        0.2123968128524597,
        0.33203907207246636,
        0.3583978403767932,
        0.3793781967436606,
        0.3937528896084797,
        0.40646672696944186,
        0.4186494556797371,
        0.4285610878089066,
        0.43826170971855705,
        0.4499897678989346,
        0.46220743924648056,
        0.4771183172205768,
        0.48945484280406554,
        0.5098927370238199,
        0.5357610472485158,
        0.5702888696271864,
        0.61715613889754,
        0.7170150976372136,
        0.9516829599287662,
        0.9957344054743852
      ],
      [
        0.015829578758926183,
        0.015763536912736468,
        0.015579063848008475,
        0.015856282659015328,
        0.016208658487472133,
        0.016497544548319136,
        0.016749676140422685,
        0.016558237430693873,
        0.0166670528025693,
        0.01660845821788312,
        0.01674587456993985,
        0.01670811698540699,
        0.016591771282835194,
        0.016494591274380244,
        0.016434052336772243,
        0.016663386668364095,
        0.017001760108512204,
        0.1853309596506726,
        0.27974316115639075,
        0.25244238541257424
      ]
    ],
    "clamp": [
      [
        0.20341430784945003,
        0.2365206023428453,
        0.26061220523844586,
        0.2877360507913324,
        0.32053728785425717,
        0.3460383982178829,
        0.36997216802309263,
        0.4023417395594339,
        0.4248332923452429,
        0.4551772012862016,
        0.4838258362168647,
        0.5211020881896522,
        0.5575169168966279,
        0.5925979697814819,
        0.6212826026124092,
        0.6673372273331128,
        0.7249189920871292,
        0.9095648216631412,
        0.9643041709656743,
        0.9990150023133797
      ],
      [
        0.01345969772693938,
        0.013778433683774882,
        0.01382622897806031,
        0.013986597532492028,
        0.01412312255157109,
        0.014226225273152855,
        0.014339242661640415,
        0.014419165301486387,
        0.014548518994786597,
        0.014655939203376456,
        0.014868859094572855,
        0.014894527225333064,
        0.01517279343959096,
        0.015768182039703777,
        0.015919014275440832,
        0.01598130250221612,
        0.01628071846497257,
        0.26438404625685674,
        0.21105982176480462,
        0.19628949650651742
      ]
    ],
    "rdkit": [
      [
        0.291332413658572,
        0.33579302701182495,
        0.3397220574338145,
        0.3419842734715947,
        0.3473197526947489,
        0.35432628859148163,
        0.36260164238743375,
        0.3707993404694989,
        0.38079190244900335,
        0.403642690492988,
        0.41480419312434974,
        0.43891341571095405,
        0.472560399569198,
        0.51192741205423,
        0.549292900970378,
        0.5970118723766981,
        0.6270400784776615,
        0.7892012632197947,
        0.8518090978806072,
        0.8697425023796772
      ],
      [
        0.021815313846102413,
        0.033196783773638903,
        0.043770046951020464,
        0.04427543285488013,
        0.0448819243456639,
        0.04047178330663767,
        0.042967401081361045,
        0.042529047082076214,
        0.041492750594673354,
        0.04153363539400699,
        0.039020119338827874,
        0.039928287758859975,
        0.04098125879742847,
        0.0404626460572959,
        0.041021135856127225,
        0.04323292613695644,
        0.044551059347022005,
        0.21324136956608178,
        0.3882637619678437,
        0.3789668879244799
      ]
    ]
  },
  "decision_cutoff_logit": -1.644114671381012,
  "decision_cutoff_lift": 1.6190595586435044
}