{
  "mode": "slow",
  "descriptor_types": [
    "chemeleon",
    "clamp",
    "rdkit"
  ],
  "n_compounds": 830,
  "n_actives": 83,
  "ratio_actives": 0.1,
  "population_prior": 0.1,
  "portfolio": [
    "lr",
    "xgb",
    "rf",
    "svc"
  ],
  "num_batches": {
    "chemeleon": 1,
    "clamp": 1,
    "rdkit": 1
  },
  "decision_cutoff_raw": 0.3436589091263909,
  "decision_cutoff_proba": 0.15445262527823284,
  "decision_cutoff_rank": 0.8216391904570433,
  "oof_aucs": {
    "chemeleon": 0.9946936339736455,
    "clamp": 0.9930807567619877,
    "rdkit": 0.9939678392283996
  },
  "proxy_aucs": {
    "chemeleon": 0.9910969177916485,
    "clamp": 0.9932420444831535,
    "rdkit": 0.9913711069176304
  },
  "train_aucs": {
    "chemeleon": 1.0,
    "clamp": 1.0,
    "rdkit": 0.9999919356139417
  },
  "quality_aucs": {
    "chemeleon": 0.989387267947291,
    "clamp": 0.9861615135239754,
    "rdkit": 0.9879437428428575
  },
  "active_descriptors": {
    "chemeleon": true,
    "clamp": true,
    "rdkit": true
  },
  "ad_hard_cutoffs": {
    "chemeleon": 0.052250005304813385,
    "clamp": 0.052250005304813385,
    "rdkit": 0.052250005304813385
  },
  "rank_error_curves": {
    "chemeleon": [
      [
        0.24279971318297164,
        0.3148143276272097,
        0.34197942002222964,
        0.3556338675035137,
        0.3757404755015756,
        0.3931646620449283,
        0.40641913834560517,
        0.4208338732486171,
        0.43343556099861513,
        0.4465006944506602,
        0.46693092506210376,
        0.4887314104829652,
        0.5108148111561195,
        0.5354833296264244,
        0.5566471362509411,
        0.5970679378002187,
        0.6335063513519898,
        0.7184209420596244,
        0.9572169389914675,
        0.9958328074450549
      ],
      [
        0.014276844392966363,
        0.014692691454443562,
        0.015448934588117929,
        0.015122540131922385,
        0.015219298010185164,
        0.015546688030950781,
        0.01586249168373895,
        0.015774130437833534,
        0.01575611508459486,
        0.015933826107219246,
        0.016030741925165723,
        0.01583035840349203,
        0.01567207001369393,
        0.015707751256669844,
        0.015896004110055127,
        0.016089389597234532,
        0.01674486007578472,
        0.21392619508272134,
        0.2883974404052587,
        0.2481396489351511
      ]
    ],
    "clamp": [
      [
        0.20368759709876055,
        0.2379271004478708,
        0.2590866283613211,
        0.2818720828186461,
        0.31070846037404803,
        0.33863720990987056,
        0.37276082089026263,
        0.39975487758651274,
        0.4302494517895101,
        0.4500359375267543,
        0.4782863966080987,
        0.507318776105486,
        0.5429362868759917,
        0.5767707468340302,
        0.6075067459360881,
        0.6700399808580384,
        0.7439268202539734,
        0.9017792553014019,
        0.9594859422459524,
        0.9988079774526639
      ],
      [
        0.013539356664262994,
        0.013813411454162532,
        0.013981605907218558,
        0.01399071533087716,
        0.014159547525094929,
        0.014272599555348101,
        0.014399109417372638,
        0.01453436311363899,
        0.014658350360028702,
        0.014726064819445996,
        0.014887843307143477,
        0.014990301079759358,
        0.015162456753535794,
        0.01542038031985402,
        0.01575325239405316,
        0.015801950565328626,
        0.016064356563878307,
        0.2633837064737429,
        0.21596548634293988,
        0.19851321981352124
      ]
    ],
    "rdkit": [
      [
        0.2798248706413068,
        0.34674410562671887,
        0.3831745687159761,
        0.4339329814182832,
        0.435516026952256,
        0.4403215395944283,
        0.4495270414208289,
        0.4709337942942539,
        0.4849008018787854,
        0.5000873522992886,
        0.5195250656625319,
        0.5483091603211014,
        0.5784340738390261,
        0.6166654679074844,
        0.6418849792557059,
        0.679552805517819,
        0.7173870228519451,
        0.8029386523605829,
        0.8676945861985903,
        0.885157595331832
      ],
      [
        0.020813083090339107,
        0.022559873473066854,
        0.02430396255086771,
        0.0436661534109649,
        0.04483945575934843,
        0.04481879643298836,
        0.042934603701260426,
        0.040168379404355206,
        0.040141984787766906,
        0.04308302469671247,
        0.04316910300524544,
        0.041879062663546324,
        0.04484503000597752,
        0.044398620873077346,
        0.04546920847760941,
        0.04545033893348072,
        0.04547675693531281,
        0.21187864824959335,
        0.3839561756079211,
        0.3743017993799202
      ]
    ]
  },
  "decision_cutoff_logit": -1.700096781560521,
  "decision_cutoff_lift": 1.5445262527823282
}