{
  "mode": "slow",
  "descriptor_types": [
    "chemeleon",
    "clamp"
  ],
  "n_compounds": 6801,
  "n_actives": 3181,
  "ratio_actives": 0.46772533450963094,
  "population_prior": 0.46772533450963094,
  "portfolio": [
    "xgb",
    "rf"
  ],
  "num_batches": {
    "chemeleon": 1,
    "clamp": 1
  },
  "decision_cutoff_raw": 0.4540798845887184,
  "decision_cutoff_proba": 0.5011466539134517,
  "decision_cutoff_rank": 0.5228308823529412,
  "oof_aucs": {
    "chemeleon": 0.9101933788499048,
    "clamp": 0.9015191633333971
  },
  "proxy_aucs": {
    "chemeleon": 0.7792814640102403,
    "clamp": 0.7908747726921413
  },
  "train_aucs": {
    "chemeleon": 1.0,
    "clamp": 0.9999989144801401
  },
  "quality_aucs": {
    "chemeleon": 0.8203867576998096,
    "clamp": 0.8030394121866541
  },
  "active_descriptors": {
    "chemeleon": true,
    "clamp": true
  },
  "ad_hard_cutoffs": {
    "chemeleon": 0.05000000074505806,
    "clamp": 0.05000000074505806
  },
  "rank_error_curves": {
    "chemeleon": [
      [
        0.0020675729583452852,
        0.031243271125582058,
        0.053986852239715145,
        0.07970746401992683,
        0.10170854876545923,
        0.12574598151724695,
        0.15218174837804874,
        0.1839503497301676,
        0.21843872215850352,
        0.2671649881257403,
        0.36872190738502886,
        0.775270900562008,
        0.8094793685216521,
        0.8380732080695159,
        0.8653139155878325,
        0.8906363513214621,
        0.9176815346619387,
        0.9439255294881279,
        0.9686573226844024,
        1.0
      ],
      [
        0.005060374597905226,
        0.014347126597661578,
        0.020997018097657527,
        0.027358075912881797,
        0.03530126431388455,
        0.04420971195853684,
        0.056952870906859514,
        0.07614177374051226,
        0.09874426488899875,
        0.12367557569666937,
        0.19044859688964336,
        0.12910677033733398,
        0.09929974593637082,
        0.0810690014538491,
        0.0648135306690413,
        0.04971265783124182,
        0.035311681258466565,
        0.02216886834308617,
        0.01150739162623643,
        0.005897370071981019
      ]
    ],
    "clamp": [
      [
        0.0036219380886512048,
        0.04067311977263548,
        0.06461129802824302,
        0.08920660687150489,
        0.11202921384050413,
        0.13531026947832403,
        0.161239523540358,
        0.1910768302533405,
        0.226315257483326,
        0.2719883869821265,
        0.3802714750444739,
        0.778394362403922,
        0.8166996409882142,
        0.8413694630948532,
        0.8678631714105141,
        0.8920851353469141,
        0.9183103703419653,
        0.9428698064106367,
        0.969604776629855,
        0.9999703202536343
      ],
      [
        0.031080199991344946,
        0.03303771316438818,
        0.039664304996624336,
        0.04635849201254612,
        0.049691843867017686,
        0.05269419446077691,
        0.05695353418892116,
        0.0675387594221768,
        0.0912475224839752,
        0.1338850871161556,
        0.23080771101065056,
        0.15583753106589768,
        0.12017251018298825,
        0.10219842036142932,
        0.08645610077499996,
        0.06897162805240585,
        0.04815645878720748,
        0.031074370137253376,
        0.016429337985928476,
        0.0010967242749393216
      ]
    ]
  },
  "decision_cutoff_logit": 0.004586623694568098,
  "decision_cutoff_lift": 1.0714550120293571
}