{
  "mode": "slow",
  "descriptor_types": [
    "chemeleon",
    "clamp"
  ],
  "n_compounds": 6801,
  "n_actives": 3181,
  "ratio_actives": 0.46772533450963094,
  "population_prior": 0.46772533450963094,
  "portfolio": [
    "xgb",
    "rf"
  ],
  "num_batches": {
    "chemeleon": 1,
    "clamp": 1
  },
  "decision_cutoff_raw": 0.38676360845565794,
  "decision_cutoff_proba": 0.48331369307423444,
  "decision_cutoff_rank": 0.5071323529411764,
  "oof_aucs": {
    "chemeleon": 0.90874798744618,
    "clamp": 0.9000540154682237
  },
  "proxy_aucs": {
    "chemeleon": 0.7791387398590734,
    "clamp": 0.7907452918832641
  },
  "train_aucs": {
    "chemeleon": 1.0,
    "clamp": 0.9999989144801401
  },
  "quality_aucs": {
    "chemeleon": 0.81749597489236,
    "clamp": 0.8001091164563073
  },
  "active_descriptors": {
    "chemeleon": true,
    "clamp": true
  },
  "ad_hard_cutoffs": {
    "chemeleon": 0.05000000074505806,
    "clamp": 0.05000000074505806
  },
  "rank_error_curves": {
    "chemeleon": [
      [
        0.0025994893427475144,
        0.03350902023500237,
        0.05708784828055947,
        0.08169207037264803,
        0.10522193166408261,
        0.1301022637548558,
        0.1576911903848851,
        0.1891034882305419,
        0.22649473229597955,
        0.27424249269967493,
        0.3700908426603633,
        0.7734112188359628,
        0.8089543770922674,
        0.8381687503006106,
        0.863348618101492,
        0.8886467099186812,
        0.9149797074339938,
        0.940117511016122,
        0.9680298840924111,
        0.9995405815195069
      ],
      [
        0.005130065138552811,
        0.012312027633727674,
        0.01796165111491964,
        0.02648510388682269,
        0.03843189883115622,
        0.049663505657034965,
        0.0623021904188382,
        0.07952512845204184,
        0.10289361001740115,
        0.12785789848784337,
        0.20370530747889326,
        0.14382266346177025,
        0.11975347341195904,
        0.09475438563213928,
        0.07415361267677208,
        0.058762383458443174,
        0.04362212700307471,
        0.028187006375606363,
        0.016968404690282463,
        0.0020227865992617417
      ]
    ],
    "clamp": [
      [
        0.002954517223522003,
        0.031005769982550654,
        0.05450806969621953,
        0.0761422471435513,
        0.09766698193425928,
        0.1220926862332307,
        0.14766000408534155,
        0.1750608163724992,
        0.20883505617384643,
        0.2504906354770063,
        0.3466333951575076,
        0.7944514950183477,
        0.8277213916141151,
        0.8529258634131844,
        0.8783722379395738,
        0.9022900056736463,
        0.9260493326461379,
        0.9496361501798685,
        0.973024403268147,
        1.0
      ],
      [
        0.016499664925562887,
        0.020383899178421375,
        0.02811141242256213,
        0.03498277965512945,
        0.04133520176674976,
        0.04788108683059753,
        0.05512986621384586,
        0.06467587255182884,
        0.08087111975555548,
        0.10966006317103241,
        0.20323216501623212,
        0.14570562645364352,
        0.1191500976356074,
        0.09969097471961144,
        0.08185590554675723,
        0.06207368541973149,
        0.04224201977817539,
        0.0251512662113588,
        0.01679855737016625,
        0.007645130430412244
      ]
    ]
  },
  "decision_cutoff_logit": -0.06677002302533866,
  "decision_cutoff_lift": 1.03332801842121
}