{
    "portfolio": [
        "lr",
        "xgb",
        "rf",
        "svc"
    ],
    "max_batch_size": 100000,
    "max_imbalance_ratio": 100,
    "num_batches": 1,
    "population_prior": 0.31140350877192985,
    "batch_priors": [
        0.31140350877192985
    ],
    "decision_cutoff_raw": 0.35206151738382996,
    "decision_cutoff_proba": 0.28946262626458563,
    "decision_cutoff_rank": 0.5892070484581499,
    "decision_cutoff_logit": -0.8979953570264146,
    "decision_cutoff_lift": 0.9295419547651481
}