{
    "portfolio": [
        "lr",
        "xgb",
        "rf",
        "svc"
    ],
    "max_batch_size": 100000,
    "max_imbalance_ratio": 100,
    "num_batches": 1,
    "population_prior": 0.31140350877192985,
    "batch_priors": [
        0.31140350877192985
    ],
    "decision_cutoff_raw": 0.4129938953255883,
    "decision_cutoff_proba": 0.28262082864506854,
    "decision_cutoff_rank": 0.656387665198238,
    "decision_cutoff_logit": -0.9314983599980141,
    "decision_cutoff_lift": 0.9075711117052905
}