{
    "portfolio": [
        "lr",
        "xgb",
        "rf",
        "svc"
    ],
    "max_batch_size": 100000,
    "max_imbalance_ratio": 100,
    "num_batches": 1,
    "population_prior": 0.1,
    "batch_priors": [
        0.1
    ],
    "decision_cutoff_raw": 0.21464105050720728,
    "decision_cutoff_proba": 0.058391041922772925,
    "decision_cutoff_rank": 0.8443908323281061,
    "decision_cutoff_logit": -2.780427583241586,
    "decision_cutoff_lift": 0.5839104192277292
}