{
    "portfolio": [
        "lr",
        "xgb",
        "rf",
        "svc"
    ],
    "max_batch_size": 100000,
    "max_imbalance_ratio": 100,
    "num_batches": 1,
    "population_prior": 0.1,
    "batch_priors": [
        0.1
    ],
    "decision_cutoff_raw": 0.243709528370946,
    "decision_cutoff_proba": 0.08328076282929783,
    "decision_cutoff_rank": 0.8688178528347406,
    "decision_cutoff_logit": -2.3985836659102278,
    "decision_cutoff_lift": 0.8328076282929783
}