{
  "n_components": 45,
  "n_features_in": 2048,
  "n_cal_knots": 200,
  "cal_min": 2.7228164672851562,
  "cal_max": 21.323392868041992,
  "scaler": "standard"
}