{
  "task": "classification",
  "format": "onnx",
  "preset_name": "linear",
  "use_linear": true,
  "n_features_in": 129,
  "classes": [
    0,
    1
  ],
  "params": {
    "C": 0.1,
    "class_weight": "balanced",
    "max_iter": 1140,
    "tol": 0.001,
    "random_state": 42,
    "use_linear": true
  },
  "profile": {
    "n_samples": 228,
    "n_features": 129,
    "n_p_ratio": 1.7674418604651163,
    "sparsity": 0.47470420236638106,
    "is_sparse_counts": false,
    "binary_feature_fraction": 0.17829457364341086,
    "feature_signal_strength": 0.13576528829250673,
    "feature_signal_p90": 0.2891621884828947,
    "task": "classification",
    "imbalance_ratio": 2.211267605633803,
    "y_skewness": 0.0,
    "y_all_positive": false
  },
  "portfolio_scores": {
    "heuristic": 0.676470588235294,
    "default": 0.676470588235294,
    "linear": 0.7274509803921568,
    "balanced_rbf": 0.6803921568627451
  },
  "decision_cutoff_raw": 0.487381019130056,
  "decision_cutoff_raw_source": "oof_balanced_accuracy",
  "decision_cutoff_proba": 0.3373615705440111,
  "decision_cutoff_rank": 0.6475770925110133,
  "decision_cutoff_logit": -0.6750742213332567,
  "calibrator": {
    "method": "platt",
    "coef": 3.8123639663862394,
    "intercept": -2.5331480565652846
  },
  "ranker": {
    "knots": [
      0.014005944086537657,
      0.03329235427268583,
      0.04483876941235751,
      0.06910644723638401,
      0.10434702404464144,
      0.12386282032373724,
      0.12949217631906448,
      0.13186829221549048,
      0.14416993733283456,
      0.15915589251359177,
      0.16430316848058327,
      0.1699632983839355,
      0.17140377854677713,
      0.1748374112668826,
      0.179746588310889,
      0.1805064990953782,
      0.18464178565577644,
      0.18759473604146426,
      0.18783292212042227,
      0.1889048103505525,
      0.1947486574390682,
      0.19835409464548473,
      0.19870136168973213,
      0.20215875949230228,
      0.2023218623664335,
      0.20248364833604798,
      0.20553332553334738,
      0.20821605141540553,
      0.21094053511987065,
      0.2123759161793631,
      0.21428643375108541,
      0.2201481706468873,
      0.22285225581261903,
      0.22307607059558332,
      0.22322421449714294,
      0.22697673759240133,
      0.22715199421774696,
      0.2283323329922795,
      0.2320607140423168,
      0.2345697560827457,
      0.23486168157622275,
      0.23737562408852347,
      0.23741973835298746,
      0.23955437478849123,
      0.24213568084873624,
      0.2428398985272878,
      0.24506952317233585,
      0.24788364873178972,
      0.25146404864850574,
      0.2514958037819275,
      0.2516334332869545,
      0.25452414671370194,
      0.2555014775593101,
      0.2596747331651184,
      0.26166477004408456,
      0.262577996877433,
      0.2635171934427068,
      0.2665407671129802,
      0.2676500630219658,
      0.2677546767495475,
      0.2730708083553283,
      0.2770078629176822,
      0.27975908198840205,
      0.2871663500702129,
      0.2880972687254609,
      0.289056362484465,
      0.2900037503412515,
      0.29236574947950095,
      0.2932449147454445,
      0.2963776575235384,
      0.29729559027229097,
      0.29753913428713685,
      0.30018254322100196,
      0.3048477692376675,
      0.30559146258700653,
      0.30684474005262274,
      0.30758846196411344,
      0.31055428596882123,
      0.3114296533050634,
      0.31178974676546733,
      0.31320900187343115,
      0.31603036864746137,
      0.31712867662117006,
      0.31829295526013884,
      0.3213097814168127,
      0.32390697678619285,
      0.32447171335799185,
      0.3247786036794137,
      0.32541200286326494,
      0.32607939407572295,
      0.3288166198673651,
      0.3291353937830903,
      0.33012778873432724,
      0.3335688973631632,
      0.3341914088745706,
      0.3356507239229897,
      0.33660955660827535,
      0.3371677349513749,
      0.3379016993911009,
      0.3381211857929522,
      0.3495859331115752,
      0.3517641962921246,
      0.35933726298131285,
      0.35981241556844606,
      0.3601107533357349,
      0.36279571965218,
      0.36514347210845555,
      0.36517471814968966,
      0.36893508088814836,
      0.3708959454139342,
      0.3742377776416717,
      0.37433174061762553,
      0.3746111532042829,
      0.38345074937606244,
      0.3841465403860224,
      0.3891958352590559,
      0.39705717990417483,
      0.41026760809643986,
      0.41682859392875005,
      0.41756611009924965,
      0.4176806830718325,
      0.4205273514499551,
      0.42552029605493386,
      0.4266546820444984,
      0.4272562508045427,
      0.4296472481862861,
      0.4314180099377167,
      0.43197838386796467,
      0.4333393917605305,
      0.4347295088055148,
      0.4393520494003032,
      0.442077559585533,
      0.44381895064295246,
      0.44637556173978443,
      0.448872947563169,
      0.44909033915338326,
      0.45091034777978595,
      0.4524795541439074,
      0.45324757625585904,
      0.4644494435586543,
      0.4657828289525283,
      0.4689036566850327,
      0.47080639393205104,
      0.4756878556229041,
      0.4795831960970068,
      0.48013189732858375,
      0.48161230032813596,
      0.487381019130056,
      0.4935960795289282,
      0.49469451439610834,
      0.4990923081655067,
      0.5047694391612861,
      0.5073508018146554,
      0.5085225249400579,
      0.5149954293018995,
      0.5237252380299021,
      0.5260769969096186,
      0.5311779052305482,
      0.5331747398724743,
      0.5334325906679818,
      0.5355578728939198,
      0.5390071929130948,
      0.5557965516530768,
      0.556374369059147,
      0.5587582521394371,
      0.5595974230519128,
      0.5620191935919423,
      0.5660069402443638,
      0.5689300317093208,
      0.572626117880739,
      0.577388420440724,
      0.5802876812534058,
      0.5836351536350054,
      0.5946207903193456,
      0.5952147816736824,
      0.6016440861492173,
      0.6036578588078392,
      0.6196376951686863,
      0.6245950615555661,
      0.6274362497759826,
      0.6334911438429067,
      0.6337977363111468,
      0.6438730005998418,
      0.6455791490512232,
      0.6525849154172445,
      0.6536858979530681,
      0.6546052521865996,
      0.657222976801072,
      0.6580006271143439,
      0.6591122900888615,
      0.6595569209213755,
      0.6606300578816273,
      0.6656947600015924,
      0.6669476195748337,
      0.6671960747727536,
      0.6744329527160545,
      0.6898782687148003,
      0.6901226661603839,
      0.6952819784188425,
      0.7109915642045441,
      0.7111329985983945,
      0.7113524715507493,
      0.7135322702684266,
      0.7137351232903567,
      0.7199805163404903,
      0.7201776774015246,
      0.7221641447193523,
      0.7268966478941706,
      0.7315868716599735,
      0.7417627264202544,
      0.742492661360862,
      0.7453589913876024,
      0.7506282316067697,
      0.7568188274103684,
      0.7643710503783522,
      0.7711740519056676,
      0.7845065784654128,
      0.822097203888696,
      0.8513019897732405,
      0.8582260246434513,
      0.8621331859729866,
      0.862456970474068,
      0.868182679387305,
      0.9487548673522068,
      0.9558650613185408,
      0.9972488779620187,
      0.9978868906704739,
      0.9994307785101613
    ]
  }
}