{
  "task": "classification",
  "format": "onnx",
  "preset_name": "default",
  "use_linear": false,
  "n_features_in": 129,
  "classes": [
    0,
    1
  ],
  "params": {
    "C": 1.0,
    "kernel": "rbf",
    "gamma": "scale",
    "class_weight": "balanced",
    "max_iter": 1140,
    "tol": 0.001,
    "random_state": 42,
    "use_linear": false
  },
  "profile": {
    "n_samples": 228,
    "n_features": 129,
    "n_p_ratio": 1.7674418604651163,
    "sparsity": 0.47470420236638106,
    "is_sparse_counts": false,
    "binary_feature_fraction": 0.17829457364341086,
    "feature_signal_strength": 0.13580103598196797,
    "feature_signal_p90": 0.2891621884828947,
    "task": "classification",
    "imbalance_ratio": 2.211267605633803,
    "y_skewness": 0.0,
    "y_all_positive": false
  },
  "portfolio_scores": {
    "heuristic": 0.676470588235294,
    "default": 0.676470588235294,
    "linear": 0.707843137254902,
    "balanced_rbf": 0.6803921568627451
  },
  "decision_cutoff_raw": 0.7311105308970893,
  "decision_cutoff_raw_source": "oof_balanced_accuracy",
  "decision_cutoff_proba": 0.31052470171707125,
  "decision_cutoff_rank": 0.9162995594713658,
  "decision_cutoff_logit": -0.7976674181875215,
  "calibrator": {
    "method": "platt",
    "coef": -0.06507865558468054,
    "intercept": -0.750087727752937
  },
  "ranker": {
    "knots": [
      0.25688091540039254,
      0.26778769727964347,
      0.2684326563231136,
      0.2690127539355177,
      0.2710624213275002,
      0.3476850883514088,
      0.4296056056122336,
      0.4762527389950859,
      0.4762528068532679,
      0.47625310073167276,
      0.476253162445339,
      0.4762531649177825,
      0.4762531838213307,
      0.4762532122463073,
      0.476253223225932,
      0.47625359831119735,
      0.47625360056207033,
      0.4762536319885799,
      0.4762536562091448,
      0.4762536764526725,
      0.47625370278464235,
      0.47625371511713416,
      0.47625384386046377,
      0.4762538908084463,
      0.476253949887748,
      0.47625398236650696,
      0.4762540137652707,
      0.47625402012656304,
      0.47625407674382897,
      0.47625411408179713,
      0.47625415852647845,
      0.4762547177031739,
      0.476254769877665,
      0.47625476995842103,
      0.4762547799913931,
      0.47625485500920023,
      0.47625495238806737,
      0.47625545643719663,
      0.47625549145986745,
      0.47625582625986557,
      0.47625700525280174,
      0.476262900854242,
      0.4762677768847216,
      0.4762678701540163,
      0.4762680786420649,
      0.4762738158508266,
      0.476279188308155,
      0.47628033776400475,
      0.47629838079972736,
      0.4763108352712575,
      0.5128047579847409,
      0.6720733856923294,
      0.7106154956775022,
      0.7178590622347596,
      0.7190827648507355,
      0.7295063086286665,
      0.7309773189854449,
      0.7309776628388727,
      0.730977685068094,
      0.7309777208653805,
      0.7309777525587817,
      0.7309778250943847,
      0.7309778513797409,
      0.7309778604009681,
      0.730977963611209,
      0.7309779719393451,
      0.7309780128026194,
      0.7309780210759333,
      0.7309780419818739,
      0.7309780629915803,
      0.730978065441005,
      0.7309780766768446,
      0.7309781409250375,
      0.730978146986686,
      0.730978208854382,
      0.7309782181216488,
      0.7309782496506191,
      0.7309783346631992,
      0.730978354169057,
      0.7309784075116648,
      0.7309784630604963,
      0.7309786126065599,
      0.7309786358929208,
      0.7309787191698407,
      0.7309790207900817,
      0.7309790629111038,
      0.7309792583371832,
      0.7309793064243618,
      0.7309794064459203,
      0.7309795950482936,
      0.7309797913234622,
      0.7309800447725464,
      0.7309803521073405,
      0.7309807495613011,
      0.7309813804533077,
      0.7309818292703467,
      0.7309819564726043,
      0.7309820624369726,
      0.7309823028275064,
      0.7309852301469404,
      0.7309890035072227,
      0.7309893477881036,
      0.7309894765597845,
      0.7309895155747879,
      0.7309895272600564,
      0.730989580135229,
      0.7309898333242103,
      0.7309898855801239,
      0.7309899978761488,
      0.730990019005239,
      0.7309900357975987,
      0.7309900621175306,
      0.7309902185835968,
      0.7309902895086128,
      0.7309902895369196,
      0.7309903209339867,
      0.7309903330889853,
      0.7309904401119253,
      0.7309904616234765,
      0.7309907379302307,
      0.7309914417872484,
      0.7309914740683416,
      0.730991654739432,
      0.7309917503784169,
      0.7309921165612924,
      0.7309922087879717,
      0.7309929735726285,
      0.7309931388985736,
      0.7309933765796174,
      0.7309936929104289,
      0.7309938811969445,
      0.7309939897903305,
      0.7309942895099699,
      0.7309950692109609,
      0.730995191502236,
      0.7309954057460504,
      0.7309959980601359,
      0.7309960872668062,
      0.7309999004577374,
      0.7310072179845915,
      0.731007455041512,
      0.7310075763582325,
      0.7310148725415333,
      0.7310149828977962,
      0.7310152258524617,
      0.7310152450888417,
      0.731015276126619,
      0.7310152791105977,
      0.7310153733511204,
      0.7310153824031409,
      0.7310154217608035,
      0.7310154344693122,
      0.7310154370975505,
      0.7310154978175463,
      0.7310155394642616,
      0.7310155792802716,
      0.7310155990833216,
      0.7310156201475394,
      0.7310156301994721,
      0.7310157803903601,
      0.7310158715054293,
      0.7310160643796305,
      0.7310160904282521,
      0.7310161769964696,
      0.7310163101272863,
      0.7310163947975078,
      0.7310165082413527,
      0.7310166217054547,
      0.7310166882569445,
      0.7310168832198831,
      0.7310171810153652,
      0.7310173563071559,
      0.7310178809289026,
      0.7310179695725336,
      0.7310180272323287,
      0.7310191051680901,
      0.7310247000995288,
      0.7310271890757885,
      0.7310292687962618,
      0.7310293912044058,
      0.7310304256881429,
      0.7310403582547265,
      0.7310411850205878,
      0.7311092143753651,
      0.7311093373520183,
      0.7311094063116879,
      0.7311095297047939,
      0.7311095780635916,
      0.7311096031622399,
      0.7311096289228088,
      0.7311096500874907,
      0.7311096586248356,
      0.731109745293046,
      0.7311097475061066,
      0.7311097797689344,
      0.7311098108920929,
      0.7311098533876319,
      0.7311099656818767,
      0.731109979923091,
      0.7311099898086226,
      0.731110013950528,
      0.7311100616594832,
      0.7311100811912248,
      0.7311101224560781,
      0.7311101611021275,
      0.7311102246390617,
      0.7311103046545064,
      0.7311104907062366,
      0.7311105308970893,
      0.7311105310709697,
      0.7311105831441869,
      0.7311107134486646,
      0.73111092906301,
      0.7311110071406588,
      0.7311111836360288,
      0.7311114520077219,
      0.7311115024730344,
      0.7311117447366321,
      0.7311118577984614,
      0.7311123565392514,
      0.7311124274048354,
      0.7311124838661945,
      0.7311155020813178,
      0.7311156747516323,
      0.7311158549789663,
      0.7311203863686788,
      0.7311284239600724,
      0.7311360838086579
    ]
  }
}