{
  "task": "classification",
  "format": "onnx",
  "preset_name": "default",
  "best_iteration": 99,
  "params": {
    "tree_method": "hist",
    "device": "cpu",
    "learning_rate": 0.3,
    "max_depth": 6,
    "min_child_weight": 1,
    "subsample": 1.0,
    "colsample_bytree": 1.0,
    "reg_alpha": 0.0,
    "reg_lambda": 1.0,
    "max_bin": 256,
    "n_estimators": 2000,
    "early_stopping_rounds": 50,
    "nthread": 64,
    "objective": "binary:logistic",
    "scale_pos_weight": 2.2113,
    "eval_metric": "auc"
  },
  "profile": {
    "n_samples": 228,
    "n_features": 129,
    "n_p_ratio": 1.7674418604651163,
    "sparsity": 0.47470420236638106,
    "is_sparse_counts": false,
    "binary_feature_fraction": 0.17829457364341086,
    "feature_signal_strength": 0.13576528829250673,
    "feature_signal_p90": 0.2891621884828947,
    "task": "classification",
    "imbalance_ratio": 2.211267605633803,
    "y_skewness": 0.0,
    "y_all_positive": false
  },
  "portfolio_scores": {
    "flaml": NaN,
    "heuristic": 0.8640522875816993,
    "default": 0.8738562091503268,
    "autogluon": 0.877124183006536
  },
  "decision_cutoff_raw": 0.050859030336141586,
  "decision_cutoff_raw_source": "oof_balanced_accuracy",
  "decision_cutoff_proba": 0.14837838221104752,
  "decision_cutoff_rank": 0.5242290748898679,
  "decision_cutoff_logit": -1.7473766699169329,
  "calibrator": {
    "method": "platt",
    "coef": 3.185136469137872,
    "intercept": -1.9093696222255665
  },
  "ranker": {
    "knots": [
      0.00014554025256074965,
      0.00019226380391046405,
      0.0002566017210483551,
      0.00030319360666908324,
      0.0003270572342444211,
      0.00035753907286562026,
      0.000398621748900041,
      0.0004761526652146131,
      0.0005034934729337692,
      0.0005443769623525441,
      0.0006354383076541126,
      0.0006646518595516682,
      0.0006786556332372129,
      0.0006874281098134816,
      0.0007490983116440475,
      0.0007552828756161034,
      0.0009072556858882308,
      0.0009257936617359519,
      0.0009421971626579762,
      0.000952707719989121,
      0.0009633908048272133,
      0.0009774076752364635,
      0.0009968512458726764,
      0.0010675321100279689,
      0.0010675416560843587,
      0.0011257344158366323,
      0.001127535942941904,
      0.0012216165196150541,
      0.001238711760379374,
      0.0012392941862344742,
      0.0013166468124836683,
      0.0013354122638702393,
      0.0013702641008421779,
      0.0014641943853348494,
      0.0014962201239541173,
      0.0015274595934897661,
      0.0015570934629067779,
      0.0015763944247737527,
      0.001582855824381113,
      0.0016612941399216652,
      0.0017223171889781952,
      0.0017515660729259253,
      0.0017691556131467223,
      0.0018096648855134845,
      0.0018543826881796122,
      0.0018802894046530128,
      0.0019474659347906709,
      0.0023372431751340628,
      0.0023452823515981436,
      0.0023644384928047657,
      0.0025189248844981194,
      0.0025408656802028418,
      0.002650649519637227,
      0.0029035829938948154,
      0.0029849582351744175,
      0.003026171587407589,
      0.0030272407457232475,
      0.0030761139933019876,
      0.0031063170172274113,
      0.0031294033396989107,
      0.0031675943173468113,
      0.003194972639903426,
      0.003291649278253317,
      0.003299869829788804,
      0.0033794171176850796,
      0.00341625465080142,
      0.0036400831304490566,
      0.0038050112780183554,
      0.0038658950943499804,
      0.003957218490540981,
      0.00410901615396142,
      0.004126142710447311,
      0.004586070775985718,
      0.004810999147593975,
      0.0049177599139511585,
      0.004920509643852711,
      0.005298503674566746,
      0.0053916205652058125,
      0.0053937253542244434,
      0.005400587804615498,
      0.005512655712664127,
      0.006096273194998503,
      0.006613594479858875,
      0.006694397889077663,
      0.006848572753369808,
      0.00685005821287632,
      0.007548284251242876,
      0.007649084087461233,
      0.007834254764020443,
      0.008652513846755028,
      0.008957422338426113,
      0.009005466476082802,
      0.009571732021868229,
      0.00969430711120367,
      0.009894026443362236,
      0.010642936453223228,
      0.01103741955012083,
      0.011075945571064949,
      0.011463765054941177,
      0.011926446110010147,
      0.012029165402054787,
      0.01216921303421259,
      0.012619386427104473,
      0.01676086150109768,
      0.017669953405857086,
      0.020210010930895805,
      0.020703105255961418,
      0.021214870736002922,
      0.02456488274037838,
      0.026552723720669746,
      0.02952711097896099,
      0.034760646522045135,
      0.0400492288172245,
      0.04127240180969238,
      0.04214499518275261,
      0.04587065801024437,
      0.04626406729221344,
      0.048990316689014435,
      0.050770003348588943,
      0.050859030336141586,
      0.053804364055395126,
      0.06135963276028633,
      0.06238878145813942,
      0.06367071717977524,
      0.0676533430814743,
      0.07389457523822784,
      0.07622857391834259,
      0.08614034205675125,
      0.09065520763397217,
      0.10123120248317719,
      0.10206504166126251,
      0.10310465842485428,
      0.10467655956745148,
      0.10689625144004822,
      0.11538195610046387,
      0.12304971367120743,
      0.1351802945137024,
      0.1375454068183899,
      0.146004319190979,
      0.1554122120141983,
      0.15600422024726868,
      0.17364680767059326,
      0.1856650412082672,
      0.18656624853610992,
      0.19157549738883972,
      0.19635872542858124,
      0.21643690764904022,
      0.23710763454437256,
      0.24541659653186798,
      0.2640550136566162,
      0.2808026969432831,
      0.2873315215110779,
      0.29286453127861023,
      0.3094252645969391,
      0.3232346773147583,
      0.3233054280281067,
      0.3469167649745941,
      0.35999903082847595,
      0.3881849944591522,
      0.3890073895454407,
      0.3921741545200348,
      0.41430872678756714,
      0.42611992359161377,
      0.47108685970306396,
      0.48136889934539795,
      0.4850682318210602,
      0.5241143703460693,
      0.5440950393676758,
      0.6265181303024292,
      0.6340602040290833,
      0.6363734006881714,
      0.6444048285484314,
      0.6614018082618713,
      0.6704181432723999,
      0.6977383494377136,
      0.7048649191856384,
      0.740577220916748,
      0.790008544921875,
      0.7945014238357544,
      0.7954573631286621,
      0.8231468200683594,
      0.8660426139831543,
      0.8680338263511658,
      0.8920422196388245,
      0.8934890627861023,
      0.904514729976654,
      0.9101391434669495,
      0.9162857532501221,
      0.9199849963188171,
      0.9225939512252808,
      0.9279550909996033,
      0.9344609379768372,
      0.9428834915161133,
      0.9529016017913818,
      0.9626500010490417,
      0.9648419618606567,
      0.9658709168434143,
      0.9666635990142822,
      0.9681400060653687,
      0.9725232124328613,
      0.9728794097900391,
      0.9772548675537109,
      0.9785239696502686,
      0.9791989922523499,
      0.980038046836853,
      0.9841155409812927,
      0.9856650829315186,
      0.9862772822380066,
      0.9867141842842102,
      0.9889053106307983,
      0.989803671836853,
      0.9911766052246094,
      0.9913877844810486,
      0.9921880960464478,
      0.9929678440093994,
      0.9934631586074829,
      0.9940898418426514,
      0.9941306710243225,
      0.9945934414863586,
      0.9963746666908264,
      0.9963786005973816,
      0.9963948130607605,
      0.9965739250183105,
      0.9965835809707642,
      0.9975243210792542,
      0.9977251887321472,
      0.9978367686271667,
      0.9991030693054199
    ]
  }
}