{
    "portfolio": [
        "lr",
        "xgb",
        "rf",
        "svc"
    ],
    "max_batch_size": 100000,
    "max_imbalance_ratio": 100,
    "num_batches": 1,
    "population_prior": 0.1,
    "batch_priors": [
        0.1
    ],
    "decision_cutoff_raw": 0.23003725370226863,
    "decision_cutoff_proba": 0.08791443899452367,
    "decision_cutoff_rank": 0.8532423208191127,
    "decision_cutoff_logit": -2.339369745215545,
    "decision_cutoff_lift": 0.8791443899452367
}