{
    "portfolio": [
        "lr",
        "xgb",
        "rf",
        "svc"
    ],
    "max_batch_size": 100000,
    "max_imbalance_ratio": 100,
    "num_batches": 1,
    "population_prior": 0.1,
    "batch_priors": [
        0.1
    ],
    "decision_cutoff_raw": 0.28777241808466447,
    "decision_cutoff_proba": 0.12985144196246906,
    "decision_cutoff_rank": 0.8737201365187712,
    "decision_cutoff_logit": -1.9022729105570388,
    "decision_cutoff_lift": 1.2985144196246905
}