{
  "n_components": 45,
  "n_features_in": 2048,
  "n_cal_knots": 200,
  "cal_min": 2.6751861572265625,
  "cal_max": 28.39990997314453,
  "scaler": "standard"
}